page_id,volume,role
V01-P0001,1,record
V01-P0002,1,record
V01-P0003,1,record
V01-P0004,1,record
V01-P0005,1,record
V01-P0006,1,record
V01-P0007,1,record
V01-P0008,1,record
V01-P0009,1,record
V01-P0010,1,record
V01-P0011,1,record
V01-P0012,1,record
V01-P0013,1,record
V01-P0014,1,record
V01-P0015,1,record
V01-P0016,1,record
V01-P0017,1,record
V01-P0018,1,record
V01-P0019,1,record
V01-P0020,1,record
V01-P0021,1,record
V01-P0022,1,record
V01-P0023,1,record
V01-P0024,1,record
V01-P0025,1,record
V01-P0026,1,record
V01-P0027,1,record
V01-P0028,1,record
V01-P0029,1,record
V01-P0030,1,record
V01-P0031,1,record
V01-P0032,1,record
V01-P0033,1,record
V01-P0034,1,record
V01-P0035,1,record
V01-P0036,1,record
V01-P0037,1,record
V01-P0038,1,record
V01-P0039,1,record
V01-P0040,1,record
V01-P0041,1,record
V01-P0042,1,record
V01-P0043,1,record
V01-P0044,1,record
V01-P0045,1,record
V01-P0046,1,record
V01-P0047,1,record
V01-P0048,1,record
V01-P0049,1,record
V01-P0050,1,record
V01-P0051,1,record
V01-P0052,1,record
V01-P0053,1,record
V01-P0054,1,record
V01-P0055,1,record
V01-P0056,1,record
V01-P0057,1,record
V01-P0058,1,record
V01-P0059,1,record
V01-P0060,1,record
V01-P0061,1,record
V01-P0062,1,record
V01-P0063,1,record
V01-P0064,1,record
V01-P0065,1,record
V01-P0066,1,record
V01-P0067,1,record
V01-P0068,1,record
V01-P0069,1,record
V01-P0070,1,record
V01-P0071,1,record
V01-P0072,1,record
V01-P0073,1,record
V01-P0074,1,record
V01-P0075,1,record
V01-P0076,1,record
V01-P0077,1,record
V01-P0078,1,record
V01-P0079,1,record
V01-P0080,1,record
V01-P0081,1,record
V01-P0082,1,record
V01-P0083,1,record
V01-P0084,1,record
V01-P0085,1,record
V01-P0086,1,record
V01-P0087,1,record
V01-P0088,1,record
V01-P0089,1,record
V01-P0090,1,record
V01-P0091,1,record
V01-P0092,1,record
V01-P0093,1,record
V01-P0094,1,record
V01-P0095,1,record
V01-P0096,1,record
V01-P0097,1,record
V01-P0098,1,record
V01-P0099,1,record
V01-P0100,1,record
V01-P0101,1,record
V01-P0102,1,record
V01-P0103,1,record
V01-P0104,1,record
V01-P0105,1,record
V01-P0106,1,record
V01-P0107,1,record
V01-P0108,1,record
V01-P0109,1,record
V01-P0110,1,record
V01-P0111,1,record
V01-P0112,1,record
V01-P0113,1,record
V01-P0114,1,record
V01-P0115,1,record
V01-P0116,1,record
V01-P0117,1,record
V01-P0118,1,record
V01-P0119,1,record
V01-P0120,1,record
V01-P0121,1,record
V01-P0122,1,record
V01-P0123,1,record
V01-P0124,1,record
V01-P0125,1,record
V01-P0126,1,record
V01-P0127,1,record
V01-P0128,1,record
V01-P0129,1,record
V01-P0130,1,record
V01-P0131,1,record
V01-P0132,1,record
V01-P0133,1,record
V01-P0134,1,record
V01-P0135,1,record
V01-P0136,1,record
V01-P0137,1,record
V01-P0138,1,record
V01-P0139,1,record
V01-P0140,1,record
V01-P0141,1,record
V01-P0142,1,record
V01-P0143,1,record
V01-P0144,1,record
V01-P0145,1,record
V01-P0146,1,record
V01-P0147,1,record
V01-P0148,1,record
V01-P0149,1,record
V01-P0150,1,record
V01-P0151,1,record
V01-P0152,1,record
V01-P0153,1,record
V01-P0154,1,record
V01-P0155,1,record
V01-P0156,1,record
V01-P0157,1,record
V01-P0158,1,record
V01-P0159,1,record
V01-P0160,1,record
V01-P0161,1,record
V01-P0162,1,record
V01-P0163,1,record
V01-P0164,1,record
V01-P0165,1,record
V01-P0166,1,record
V01-P0167,1,record
V01-P0168,1,record
V01-P0169,1,record
V01-P0170,1,record
V01-P0171,1,record
V01-P0172,1,record
V01-P0173,1,record
V01-P0174,1,record
V01-P0175,1,record
V01-P0176,1,record
V01-P0177,1,record
V01-P0178,1,record
V01-P0179,1,record
V01-P0180,1,record
V01-P0181,1,record
V01-P0182,1,record
V01-P0183,1,record
V01-P0184,1,record
V01-P0185,1,record
V01-P0186,1,record
V01-P0187,1,record
V01-P0188,1,record
V01-P0189,1,record
V01-P0190,1,record
V01-P0191,1,record
V01-P0192,1,record
V01-P0193,1,record
V01-P0194,1,record
V01-P0195,1,record
V01-P0196,1,record
V01-P0197,1,record
V01-P0198,1,record
V01-P0199,1,record
V01-P0200,1,record
V01-P0201,1,record
V01-P0202,1,record
V01-P0203,1,record
V01-P0204,1,record
V01-P0205,1,record
V01-P0206,1,record
V01-P0207,1,record
V01-P0208,1,record
V01-P0209,1,record
V01-P0210,1,record
V01-P0211,1,record
V01-P0212,1,record
V01-P0213,1,record
V01-P0214,1,record
V01-P0215,1,record
V01-P0216,1,record
V01-P0217,1,record
V01-P0218,1,record
V01-P0219,1,record
V01-P0220,1,record
V01-P0221,1,record
V01-P0222,1,record
V01-P0223,1,record
V01-P0224,1,record
V01-P0225,1,record
V01-P0226,1,record
V01-P0227,1,record
V01-P0228,1,record
V01-P0229,1,record
V01-P0230,1,record
V01-P0231,1,record
V01-P0232,1,record
V01-P0233,1,record
V01-P0234,1,record
V01-P0235,1,record
V01-P0236,1,record
V01-P0237,1,record
V01-P0238,1,record
V01-P0239,1,record
V01-P0240,1,record
V01-P0241,1,record
V01-P0242,1,record
V01-P0243,1,record
V01-P0244,1,record
V01-P0245,1,record
V01-P0246,1,record
V01-P0247,1,record
V01-P0248,1,record
V01-P0249,1,record
V01-P0250,1,record
V01-P0251,1,record
V01-P0252,1,record
V01-P0253,1,record
V01-P0254,1,record
V01-P0255,1,record
V01-P0256,1,record
V01-P0257,1,record
V01-P0258,1,record
V01-P0259,1,record
V01-P0260,1,record
V01-P0261,1,record
V01-P0262,1,record
V01-P0263,1,record
V01-P0264,1,record
V01-P0265,1,record
V01-P0266,1,record
V01-P0267,1,record
V01-P0268,1,record
V01-P0269,1,record
V01-P0270,1,record
V01-P0271,1,record
V01-P0272,1,record
V01-P0273,1,record
V01-P0274,1,record
V01-P0275,1,record
V01-P0276,1,record
V01-P0277,1,record
V01-P0278,1,record
V01-P0279,1,record
V01-P0280,1,record
V01-P0281,1,record
V01-P0282,1,record
V01-P0283,1,record
V01-P0284,1,record
V01-P0285,1,record
V01-P0286,1,record
V01-P0287,1,record
V01-P0288,1,record
V01-P0289,1,record
V01-P0290,1,record
V01-P0291,1,record
V01-P0292,1,record
V01-P0293,1,record
V01-P0294,1,record
V01-P0295,1,record
V01-P0296,1,record
V01-P0297,1,record
V01-P0298,1,record
V01-P0299,1,record
V01-P0300,1,record
V01-P0301,1,record
V01-P0302,1,record
V01-P0303,1,record
V01-P0304,1,record
V01-P0305,1,record
V01-P0306,1,record
V01-P0307,1,record
V01-P0308,1,record
V01-P0309,1,record
V01-P0310,1,record
V01-P0311,1,record
V01-P0312,1,record
V01-P0313,1,record
V01-P0314,1,record
V01-P0315,1,record
V01-P0316,1,record
V01-P0317,1,record
V01-P0318,1,record
V01-P0319,1,record
V01-P0320,1,record
V01-P0321,1,record
V01-P0322,1,record
V01-P0323,1,record
V01-P0324,1,record
V01-P0325,1,record
V01-P0326,1,record
V01-P0327,1,record
V01-P0328,1,record
V01-P0329,1,record
V01-P0330,1,record
V01-P0331,1,record
V01-P0332,1,record
V01-P0333,1,record
V01-P0334,1,record
V01-P0335,1,record
V01-P0336,1,record
V01-P0337,1,record
V01-P0338,1,record
V01-P0339,1,record
V01-P0340,1,record
V01-P0341,1,record
V01-P0342,1,record
V01-P0343,1,record
V01-P0344,1,record
V01-P0345,1,record
V01-P0346,1,record
V01-P0347,1,record
V01-P0348,1,record
V01-P0349,1,record
V01-P0350,1,record
V01-P0351,1,record
V01-P0352,1,record
V01-P0353,1,record
V01-P0354,1,record
V01-P0355,1,record
V01-P0356,1,record
V01-P0357,1,record
V01-P0358,1,record
V01-P0359,1,record
V01-P0360,1,record
V01-P0361,1,record
V01-P0362,1,record
V01-P0363,1,record
V01-P0364,1,record
V01-P0365,1,record
V01-P0366,1,record
V01-P0367,1,record
V01-P0368,1,record
V01-P0369,1,record
V01-P0370,1,record
V01-P0371,1,record
V01-P0372,1,record
V01-P0373,1,record
V01-P0374,1,record
V01-P0375,1,record
V01-P0376,1,record
V01-P0377,1,record
V01-P0378,1,record
V01-P0379,1,record
V01-P0380,1,record
V01-P0381,1,record
V01-P0382,1,record
V01-P0383,1,record
V01-P0384,1,record
V01-P0385,1,record
V01-P0386,1,record
V01-P0387,1,record
V01-P0388,1,record
V01-P0389,1,record
V01-P0390,1,record
V01-P0391,1,record
V01-P0392,1,record
V01-P0393,1,record
V01-P0394,1,record
V01-P0395,1,record
V01-P0396,1,record
V01-P0397,1,record
V01-P0398,1,record
V01-P0399,1,record
V01-P0400,1,record
V01-P0401,1,record
V01-P0402,1,record
V01-P0403,1,record
V01-P0404,1,record
V01-P0405,1,record
V01-P0406,1,record
V01-P0407,1,record
V01-P0408,1,record
V01-P0409,1,record
V01-P0410,1,record
V01-P0411,1,record
V01-P0412,1,record
V01-P0413,1,record
V01-P0414,1,record
V01-P0415,1,record
V01-P0416,1,record
V01-P0417,1,record
V01-P0418,1,record
V01-P0419,1,record
V01-P0420,1,record
V01-P0421,1,record
V01-P0422,1,record
V01-P0423,1,record
V01-P0424,1,record
V01-P0425,1,record
V01-P0426,1,record
V01-P0427,1,record
V01-P0428,1,record
V01-P0429,1,record
V01-P0430,1,record
V01-P0431,1,record
V01-P0432,1,record
V01-P0433,1,record
V01-P0434,1,record
V01-P0435,1,record
V01-P0436,1,record
V01-P0437,1,record
V01-P0438,1,record
V01-P0439,1,record
V01-P0440,1,record
V01-P0441,1,record
V01-P0442,1,record
V01-P0443,1,record
V01-P0444,1,record
V01-P0445,1,record
V01-P0446,1,record
V01-P0447,1,record
V01-P0448,1,record
V02-P0001,2,record
V02-P0002,2,record
V02-P0003,2,record
V02-P0004,2,record
V02-P0005,2,record
V02-P0006,2,record
V02-P0007,2,record
V02-P0008,2,record
V02-P0009,2,record
V02-P0010,2,record
V02-P0011,2,record
V02-P0012,2,record
V02-P0013,2,record
V02-P0014,2,record
V02-P0015,2,record
V02-P0016,2,record
V02-P0017,2,record
V02-P0018,2,record
V02-P0019,2,record
V02-P0020,2,record
V02-P0021,2,record
V02-P0022,2,record
V02-P0023,2,record
V02-P0024,2,record
V02-P0025,2,record
V02-P0026,2,record
V02-P0027,2,record
V02-P0028,2,record
V02-P0029,2,record
V02-P0030,2,record
V02-P0031,2,record
V02-P0032,2,record
V02-P0033,2,record
V02-P0034,2,record
V02-P0035,2,record
V02-P0036,2,record
V02-P0037,2,record
V02-P0038,2,record
V02-P0039,2,record
V02-P0040,2,record
V02-P0041,2,record
V02-P0042,2,record
V02-P0043,2,record
V02-P0044,2,record
V02-P0045,2,record
V02-P0046,2,record
V02-P0047,2,record
V02-P0048,2,record
V02-P0049,2,record
V02-P0050,2,record
V02-P0051,2,record
V02-P0052,2,record
V02-P0053,2,record
V02-P0054,2,record
V02-P0055,2,record
V02-P0056,2,record
V02-P0057,2,record
V02-P0058,2,record
V02-P0059,2,record
V02-P0060,2,record
V02-P0061,2,record
V02-P0062,2,record
V02-P0063,2,record
V02-P0064,2,record
V02-P0065,2,record
V02-P0066,2,record
V02-P0067,2,record
V02-P0068,2,record
V02-P0069,2,record
V02-P0070,2,record
V02-P0071,2,record
V02-P0072,2,record
V02-P0073,2,record
V02-P0074,2,record
V02-P0075,2,record
V02-P0076,2,record
V02-P0077,2,record
V02-P0078,2,record
V02-P0079,2,record
V02-P0080,2,record
V02-P0081,2,record
V02-P0082,2,record
V02-P0083,2,record
V02-P0084,2,record
V02-P0085,2,record
V02-P0086,2,record
V02-P0087,2,record
V02-P0088,2,record
V02-P0089,2,record
V02-P0090,2,record
V02-P0091,2,record
V02-P0092,2,record
V02-P0093,2,record
V02-P0094,2,record
V02-P0095,2,record
V02-P0096,2,record
V02-P0097,2,record
V02-P0098,2,record
V02-P0099,2,record
V02-P0100,2,record
V02-P0101,2,record
V02-P0102,2,record
V02-P0103,2,record
V02-P0104,2,record
V02-P0105,2,record
V02-P0106,2,record
V02-P0107,2,record
V02-P0108,2,record
V02-P0109,2,record
V02-P0110,2,record
V02-P0111,2,record
V02-P0112,2,record
V02-P0113,2,record
V02-P0114,2,record
V02-P0115,2,record
V02-P0116,2,record
V02-P0117,2,record
V02-P0118,2,record
V02-P0119,2,record
V02-P0120,2,record
V02-P0121,2,record
V02-P0122,2,record
V02-P0123,2,record
V02-P0124,2,record
V02-P0125,2,record
V02-P0126,2,record
V02-P0127,2,record
V02-P0128,2,record
V02-P0129,2,record
V02-P0130,2,record
V02-P0131,2,record
V02-P0132,2,record
V02-P0133,2,record
V02-P0134,2,record
V02-P0135,2,record
V02-P0136,2,record
V02-P0137,2,record
V02-P0138,2,record
V02-P0139,2,record
V02-P0140,2,record
V02-P0141,2,record
V02-P0142,2,record
V02-P0143,2,record
V02-P0144,2,record
V02-P0145,2,record
V02-P0146,2,record
V02-P0147,2,record
V02-P0148,2,record
V02-P0149,2,record
V02-P0150,2,record
V02-P0151,2,record
V02-P0152,2,record
V02-P0153,2,record
V02-P0154,2,record
V02-P0155,2,record
V02-P0156,2,record
V02-P0157,2,record
V02-P0158,2,record
V02-P0159,2,record
V02-P0160,2,record
V02-P0161,2,record
V02-P0162,2,record
V02-P0163,2,record
V02-P0164,2,record
V02-P0165,2,record
V02-P0166,2,record
V02-P0167,2,record
V02-P0168,2,record
V02-P0169,2,record
V02-P0170,2,record
V02-P0171,2,record
V02-P0172,2,record
V02-P0173,2,record
V02-P0174,2,record
V02-P0175,2,record
V02-P0176,2,record
V02-P0177,2,record
V02-P0178,2,record
V02-P0179,2,record
V02-P0180,2,record
V02-P0181,2,record
V02-P0182,2,record
V02-P0183,2,record
V02-P0184,2,record
V02-P0185,2,record
V02-P0186,2,record
V02-P0187,2,record
V02-P0188,2,record
V02-P0189,2,record
V02-P0190,2,record
V02-P0191,2,record
V02-P0192,2,record
V02-P0193,2,record
V02-P0194,2,record
V02-P0195,2,record
V02-P0196,2,record
V02-P0197,2,record
V02-P0198,2,record
V02-P0199,2,record
V02-P0200,2,record
V02-P0201,2,record
V02-P0202,2,record
V02-P0203,2,record
V02-P0204,2,record
V02-P0205,2,record
V02-P0206,2,record
V02-P0207,2,record
V02-P0208,2,record
V02-P0209,2,record
V02-P0210,2,record
V02-P0211,2,record
V02-P0212,2,record
V02-P0213,2,record
V02-P0214,2,record
V02-P0215,2,record
V02-P0216,2,record
V02-P0217,2,record
V02-P0218,2,record
V02-P0219,2,record
V02-P0220,2,record
V02-P0221,2,record
V02-P0222,2,record
V02-P0223,2,record
V02-P0224,2,record
V02-P0225,2,record
V02-P0226,2,record
V02-P0227,2,record
V02-P0228,2,record
V02-P0229,2,record
V02-P0230,2,record
V02-P0231,2,record
V02-P0232,2,record
V02-P0233,2,record
V02-P0234,2,record
V02-P0235,2,record
V02-P0236,2,record
V02-P0237,2,record
V02-P0238,2,record
V02-P0239,2,record
V02-P0240,2,record
V02-P0241,2,record
V02-P0242,2,record
V02-P0243,2,record
V02-P0244,2,record
V02-P0245,2,record
V02-P0246,2,record
V02-P0247,2,record
V02-P0248,2,record
V02-P0249,2,record
V02-P0250,2,record
V02-P0251,2,record
V02-P0252,2,record
V02-P0253,2,record
V02-P0254,2,record
V02-P0255,2,record
V02-P0256,2,record
V02-P0257,2,record
V02-P0258,2,record
V02-P0259,2,record
V02-P0260,2,record
V02-P0261,2,record
V02-P0262,2,record
V02-P0263,2,record
V02-P0264,2,record
V02-P0265,2,record
V02-P0266,2,record
V02-P0267,2,record
V02-P0268,2,record
V02-P0269,2,record
V02-P0270,2,record
V02-P0271,2,record
V02-P0272,2,record
V02-P0273,2,record
V02-P0274,2,record
V02-P0275,2,record
V02-P0276,2,record
V02-P0277,2,record
V02-P0278,2,record
V02-P0279,2,record
V02-P0280,2,record
V02-P0281,2,record
V02-P0282,2,record
V02-P0283,2,record
V02-P0284,2,record
V02-P0285,2,record
V02-P0286,2,record
V02-P0287,2,record
V02-P0288,2,record
V02-P0289,2,record
V02-P0290,2,record
V02-P0291,2,record
V02-P0292,2,record
V02-P0293,2,record
V02-P0294,2,record
V02-P0295,2,record
V02-P0296,2,record
V02-P0297,2,record
V02-P0298,2,record
V02-P0299,2,record
V02-P0300,2,record
V02-P0301,2,record
V02-P0302,2,record
V02-P0303,2,record
V02-P0304,2,record
V02-P0305,2,record
V02-P0306,2,record
V02-P0307,2,record
V02-P0308,2,record
V02-P0309,2,record
V02-P0310,2,record
V02-P0311,2,record
V02-P0312,2,record
V02-P0313,2,record
V02-P0314,2,record
V02-P0315,2,record
V02-P0316,2,record
V02-P0317,2,record
V02-P0318,2,record
V02-P0319,2,record
V02-P0320,2,record
V02-P0321,2,record
V02-P0322,2,record
V02-P0323,2,record
V02-P0324,2,record
V02-P0325,2,record
V02-P0326,2,record
V02-P0327,2,record
V02-P0328,2,record
V02-P0329,2,record
V02-P0330,2,record
V02-P0331,2,record
V02-P0332,2,record
V02-P0333,2,record
V02-P0334,2,record
V02-P0335,2,record
V02-P0336,2,record
V02-P0337,2,record
V02-P0338,2,record
V02-P0339,2,record
V02-P0340,2,record
V02-P0341,2,record
V02-P0342,2,record
V02-P0343,2,record
V02-P0344,2,record
V02-P0345,2,record
V02-P0346,2,record
V02-P0347,2,record
V02-P0348,2,record
V02-P0349,2,record
V02-P0350,2,record
V02-P0351,2,record
V02-P0352,2,record
V02-P0353,2,record
V02-P0354,2,record
V02-P0355,2,record
V02-P0356,2,record
V02-P0357,2,record
V02-P0358,2,record
V02-P0359,2,record
V02-P0360,2,record
V02-P0361,2,record
V02-P0362,2,record
V02-P0363,2,record
V02-P0364,2,record
V02-P0365,2,record
V02-P0366,2,record
V02-P0367,2,record
V02-P0368,2,record
V02-P0369,2,record
V02-P0370,2,record
V02-P0371,2,record
V02-P0372,2,record
V02-P0373,2,record
V02-P0374,2,record
V02-P0375,2,record
V02-P0376,2,record
V02-P0377,2,record
V02-P0378,2,record
V02-P0379,2,record
V02-P0380,2,record
V02-P0381,2,record
V02-P0382,2,record
V02-P0383,2,record
V02-P0384,2,record
V02-P0385,2,record
V02-P0386,2,record
V02-P0387,2,record
V02-P0388,2,record
V02-P0389,2,record
V02-P0390,2,record
V02-P0391,2,record
V02-P0392,2,record
V02-P0393,2,record
V02-P0394,2,record
V02-P0395,2,record
V02-P0396,2,record
V02-P0397,2,record
V02-P0398,2,record
V02-P0399,2,record
V02-P0400,2,record
V02-P0401,2,record
V02-P0402,2,record
V02-P0403,2,record
V02-P0404,2,record
V02-P0405,2,record
V02-P0406,2,record
V02-P0407,2,record
V02-P0408,2,record
V02-P0409,2,record
V02-P0410,2,record
V02-P0411,2,record
V02-P0412,2,record
V02-P0413,2,record
V02-P0414,2,record
V02-P0415,2,record
V02-P0416,2,record
V02-P0417,2,record
V02-P0418,2,record
V02-P0419,2,record
V02-P0420,2,record
V02-P0421,2,record
V02-P0422,2,record
V02-P0423,2,record
V02-P0424,2,record
V02-P0425,2,record
V02-P0426,2,record
V02-P0427,2,record
V02-P0428,2,record
V02-P0429,2,record
V02-P0430,2,record
V02-P0431,2,record
V02-P0432,2,record
V02-P0433,2,record
V02-P0434,2,record
V02-P0435,2,record
V02-P0436,2,record
V02-P0437,2,record
V02-P0438,2,record
V02-P0439,2,record
V02-P0440,2,record
V02-P0441,2,record
V02-P0442,2,record
V02-P0443,2,record
V02-P0444,2,record
V02-P0445,2,record
V02-P0446,2,record
V02-P0447,2,record
V02-P0448,2,record
V02-P0449,2,record
V02-P0450,2,record
V02-P0451,2,record
V02-P0452,2,record
V02-P0453,2,record
V02-P0454,2,record
V02-P0455,2,record
V02-P0456,2,record
V02-P0457,2,record
V02-P0458,2,record
V02-P0459,2,record
V02-P0460,2,record
V02-P0461,2,record
V02-P0462,2,record
V02-P0463,2,record
V02-P0464,2,record
V02-P0465,2,record
V02-P0466,2,record
V02-P0467,2,record
V02-P0468,2,record
V02-P0469,2,record
V02-P0470,2,record
V02-P0471,2,record
V02-P0472,2,record
V02-P0473,2,record
V02-P0474,2,record
V02-P0475,2,record
V02-P0476,2,record
V02-P0477,2,record
V02-P0478,2,record
V02-P0479,2,record
V02-P0480,2,record
V02-P0481,2,record
V02-P0482,2,record
V02-P0483,2,record
V02-P0484,2,record
V02-P0485,2,record
V02-P0486,2,record
V02-P0487,2,record
V02-P0488,2,record
V02-P0489,2,record
V02-P0490,2,record
V02-P0491,2,record
V02-P0492,2,record
V02-P0493,2,record
V02-P0494,2,record
V02-P0495,2,record
V02-P0496,2,record
V02-P0497,2,record
V02-P0498,2,record
V02-P0499,2,record
V02-P0500,2,record
V02-P0501,2,record
V02-P0502,2,record
V02-P0503,2,record
V02-P0504,2,record
V02-P0505,2,record
V02-P0506,2,record
V02-P0507,2,record
V02-P0508,2,record
V02-P0509,2,record
V02-P0510,2,record
V02-P0511,2,record
V02-P0512,2,record
V02-P0513,2,record
V02-P0514,2,record
V02-P0515,2,record
V02-P0516,2,record
V02-P0517,2,record
V02-P0518,2,record
V02-P0519,2,record
V02-P0520,2,record
V02-P0521,2,record
V02-P0522,2,record
V02-P0523,2,record
V02-P0524,2,record
V02-P0525,2,record
V02-P0526,2,record
V02-P0527,2,record
V02-P0528,2,record
V02-P0529,2,record
V02-P0530,2,record
V02-P0531,2,record
V02-P0532,2,record
V02-P0533,2,record
V02-P0534,2,record
V02-P0535,2,record
V02-P0536,2,record
V02-P0537,2,record
V02-P0538,2,record
V02-P0539,2,record
V02-P0540,2,record
V02-P0541,2,record
V02-P0542,2,record
V02-P0543,2,record
V02-P0544,2,record
V02-P0545,2,record
V02-P0546,2,record
V02-P0547,2,record
V02-P0548,2,record
V02-P0549,2,record
V02-P0550,2,record
V02-P0551,2,record
V02-P0552,2,record
V02-P0553,2,record
V02-P0554,2,record
V02-P0555,2,record
V02-P0556,2,record
V02-P0557,2,record
V02-P0558,2,record
V02-P0559,2,record
V02-P0560,2,record
V02-P0561,2,record
V02-P0562,2,record
V02-P0563,2,record
V02-P0564,2,record
V02-P0565,2,record
V02-P0566,2,index
V02-P0567,2,index
V02-P0568,2,index
V02-P0569,2,index
V02-P0570,2,index
V02-P0571,2,index
V02-P0572,2,index
V02-P0573,2,index
V02-P0574,2,index
V02-P0575,2,index
V02-P0576,2,index
V02-P0577,2,index
V02-P0578,2,index
V02-P0579,2,index
V02-P0580,2,index
V02-P0581,2,index
V02-P0582,2,index
V02-P0583,2,index
V02-P0584,2,index
V02-P0585,2,index
V02-P0586,2,index
V02-P0587,2,index
V02-P0588,2,index
V02-P0589,2,index
V02-P0590,2,index
V02-P0591,2,index
V02-P0592,2,index
V02-P0593,2,index
V02-P0594,2,index
V02-P0595,2,index
V02-P0596,2,index
V02-P0597,2,index
V02-P0598,2,index
V02-P0599,2,index
V02-P0600,2,index
V02-P0601,2,index
V02-P0602,2,index
V02-P0603,2,index
V02-P0604,2,index
V02-P0605,2,index
V02-P0606,2,index
V02-P0607,2,index
V02-P0608,2,index
V02-P0609,2,index
V02-P0610,2,index
V02-P0611,2,index
V02-P0612,2,index
V02-P0613,2,index
V02-P0614,2,index
V02-P0615,2,index
V02-P0616,2,index
V02-P0617,2,index
V02-P0618,2,index
V02-P0619,2,index
V02-P0620,2,index
V02-P0621,2,index
V02-P0622,2,index
V02-P0623,2,index
V02-P0624,2,index
V02-P0625,2,index
V02-P0626,2,index
V02-P0627,2,index
V02-P0628,2,index
V02-P0629,2,index
V02-P0630,2,index
V03-P0001,3,record
V03-P0002,3,record
V03-P0003,3,record
V03-P0004,3,record
V03-P0005,3,record
V03-P0006,3,record
V03-P0007,3,record
V03-P0008,3,record
V03-P0009,3,record
V03-P0010,3,record
V03-P0011,3,record
V03-P0012,3,record
V03-P0013,3,record
V03-P0014,3,record
V03-P0015,3,record
V03-P0016,3,record
V03-P0017,3,record
V03-P0018,3,record
V03-P0019,3,record
V03-P0020,3,record
V03-P0021,3,record
V03-P0022,3,record
V03-P0023,3,record
V03-P0024,3,record
V03-P0025,3,record
V03-P0026,3,record
V03-P0027,3,record
V03-P0028,3,record
V03-P0029,3,record
V03-P0030,3,record
V03-P0031,3,record
V03-P0032,3,record
V03-P0033,3,record
V03-P0034,3,record
V03-P0035,3,record
V03-P0036,3,record
V03-P0037,3,record
V03-P0038,3,record
V03-P0039,3,record
V03-P0040,3,record
V03-P0041,3,record
V03-P0042,3,record
V03-P0043,3,record
V03-P0044,3,record
V03-P0045,3,record
V03-P0046,3,record
V03-P0047,3,record
V03-P0048,3,record
V03-P0049,3,record
V03-P0050,3,record
V03-P0051,3,record
V03-P0052,3,record
V03-P0053,3,record
V03-P0054,3,record
V03-P0055,3,record
V03-P0056,3,record
V03-P0057,3,record
V03-P0058,3,record
V03-P0059,3,record
V03-P0060,3,record
V03-P0061,3,record
V03-P0062,3,record
V03-P0063,3,record
V03-P0064,3,record
V03-P0065,3,record
V03-P0066,3,record
V03-P0067,3,record
V03-P0068,3,record
V03-P0069,3,record
V03-P0070,3,record
V03-P0071,3,record
V03-P0072,3,record
V03-P0073,3,record
V03-P0074,3,record
V03-P0075,3,record
V03-P0076,3,record
V03-P0077,3,record
V03-P0078,3,record
V03-P0079,3,record
V03-P0080,3,record
V03-P0081,3,record
V03-P0082,3,record
V03-P0083,3,record
V03-P0084,3,record
V03-P0085,3,record
V03-P0086,3,record
V03-P0087,3,record
V03-P0088,3,record
V03-P0089,3,record
V03-P0090,3,record
V03-P0091,3,record
V03-P0092,3,record
V03-P0093,3,record
V03-P0094,3,record
V03-P0095,3,record
V03-P0096,3,record
V03-P0097,3,record
V03-P0098,3,record
V03-P0099,3,record
V03-P0100,3,record
V03-P0101,3,record
V03-P0102,3,record
V03-P0103,3,record
V03-P0104,3,record
V03-P0105,3,record
V03-P0106,3,record
V03-P0107,3,record
V03-P0108,3,record
V03-P0109,3,record
V03-P0110,3,record
V03-P0111,3,record
V03-P0112,3,record
V03-P0113,3,record
V03-P0114,3,record
V03-P0115,3,record
V03-P0116,3,record
V03-P0117,3,record
V03-P0118,3,record
V03-P0119,3,record
V03-P0120,3,record
V03-P0121,3,record
V03-P0122,3,record
V03-P0123,3,record
V03-P0124,3,record
V03-P0125,3,record
V03-P0126,3,record
V03-P0127,3,record
V03-P0128,3,record
V03-P0129,3,record
V03-P0130,3,record
V03-P0131,3,record
V03-P0132,3,record
V03-P0133,3,record
V03-P0134,3,record
V03-P0135,3,record
V03-P0136,3,record
V03-P0137,3,record
V03-P0138,3,record
V03-P0139,3,record
V03-P0140,3,record
V03-P0141,3,record
V03-P0142,3,record
V03-P0143,3,record
V03-P0144,3,record
V03-P0145,3,record
V03-P0146,3,record
V03-P0147,3,record
V03-P0148,3,record
V03-P0149,3,record
V03-P0150,3,record
V03-P0151,3,record
V03-P0152,3,record
V03-P0153,3,record
V03-P0154,3,record
V03-P0155,3,record
V03-P0156,3,record
V03-P0157,3,record
V03-P0158,3,record
V03-P0159,3,record
V03-P0160,3,record
V03-P0161,3,record
V03-P0162,3,record
V03-P0163,3,record
V03-P0164,3,record
V03-P0165,3,record
V03-P0166,3,record
V03-P0167,3,record
V03-P0168,3,record
V03-P0169,3,record
V03-P0170,3,record
V03-P0171,3,record
V03-P0172,3,record
V03-P0173,3,record
V03-P0174,3,record
V03-P0175,3,record
V03-P0176,3,record
V03-P0177,3,record
V03-P0178,3,record
V03-P0179,3,record
V03-P0180,3,record
V03-P0181,3,record
V03-P0182,3,record
V03-P0183,3,record
V03-P0184,3,record
V03-P0185,3,record
V03-P0186,3,record
V03-P0187,3,record
V03-P0188,3,record
V03-P0189,3,record
V03-P0190,3,record
V03-P0191,3,record
V03-P0192,3,record
V03-P0193,3,record
V03-P0194,3,record
V03-P0195,3,record
V03-P0196,3,record
V03-P0197,3,record
V03-P0198,3,record
V03-P0199,3,record
V03-P0200,3,record
V03-P0201,3,record
V03-P0202,3,record
V03-P0203,3,record
V03-P0204,3,record
V03-P0205,3,record
V03-P0206,3,record
V03-P0207,3,record
V03-P0208,3,record
V03-P0209,3,record
V03-P0210,3,record
V03-P0211,3,record
V03-P0212,3,record
V03-P0213,3,record
V03-P0214,3,record
V03-P0215,3,record
V03-P0216,3,record
V03-P0217,3,record
V03-P0218,3,record
V03-P0219,3,record
V03-P0220,3,record
V03-P0221,3,record
V03-P0222,3,record
V03-P0223,3,record
V03-P0224,3,record
V03-P0225,3,record
V03-P0226,3,record
V03-P0227,3,record
V03-P0228,3,record
V03-P0229,3,record
V03-P0230,3,record
V03-P0231,3,record
V03-P0232,3,record
V03-P0233,3,record
V03-P0234,3,record
V03-P0235,3,record
V03-P0236,3,record
V03-P0237,3,record
V03-P0238,3,record
V03-P0239,3,record
V03-P0240,3,record
V03-P0241,3,record
V03-P0242,3,record
V03-P0243,3,record
V03-P0244,3,record
V03-P0245,3,record
V03-P0246,3,record
V03-P0247,3,record
V03-P0248,3,record
V03-P0249,3,record
V03-P0250,3,record
V03-P0251,3,record
V03-P0252,3,record
V03-P0253,3,record
V03-P0254,3,record
V03-P0255,3,record
V03-P0256,3,record
V03-P0257,3,record
V03-P0258,3,record
V03-P0259,3,record
V03-P0260,3,record
V03-P0261,3,record
V03-P0262,3,record
V03-P0263,3,record
V03-P0264,3,record
V03-P0265,3,record
V03-P0266,3,record
V03-P0267,3,record
V03-P0268,3,record
V03-P0269,3,record
V03-P0270,3,record
V03-P0271,3,record
V03-P0272,3,record
V03-P0273,3,record
V03-P0274,3,record
V03-P0275,3,record
V03-P0276,3,record
V03-P0277,3,record
V03-P0278,3,record
V03-P0279,3,record
V03-P0280,3,record
V03-P0281,3,record
V03-P0282,3,record
V03-P0283,3,record
V03-P0284,3,record
V03-P0285,3,record
V03-P0286,3,record
V03-P0287,3,record
V03-P0288,3,record
V03-P0289,3,record
V03-P0290,3,record
V03-P0291,3,record
V03-P0292,3,record
V03-P0293,3,record
V03-P0294,3,record
V03-P0295,3,record
V03-P0296,3,record
V03-P0297,3,record
V03-P0298,3,record
V03-P0299,3,record
V03-P0300,3,record
V03-P0301,3,record
V03-P0302,3,record
V03-P0303,3,record
V03-P0304,3,record
V03-P0305,3,record
V03-P0306,3,record
V03-P0307,3,record
V03-P0308,3,record
V03-P0309,3,record
V03-P0310,3,record
V03-P0311,3,record
V03-P0312,3,record
V03-P0313,3,record
V03-P0314,3,record
V03-P0315,3,record
V03-P0316,3,record
V03-P0317,3,record
V03-P0318,3,record
V03-P0319,3,record
V03-P0320,3,record
V03-P0321,3,record
V03-P0322,3,record
V03-P0323,3,record
V03-P0324,3,record
V03-P0325,3,record
V03-P0326,3,record
V03-P0327,3,record
V03-P0328,3,record
V03-P0329,3,record
V03-P0330,3,record
V03-P0331,3,record
V03-P0332,3,record
V03-P0333,3,record
V03-P0334,3,record
V03-P0335,3,record
V03-P0336,3,record
V03-P0337,3,record
V03-P0338,3,record
V03-P0339,3,record
V03-P0340,3,record
V03-P0341,3,record
V03-P0342,3,record
V03-P0343,3,record
V03-P0344,3,record
V03-P0345,3,record
V03-P0346,3,record
V03-P0347,3,record
V03-P0348,3,record
V03-P0349,3,record
V03-P0350,3,record
V03-P0351,3,record
V03-P0352,3,record
V03-P0353,3,record
V03-P0354,3,record
V03-P0355,3,record
V03-P0356,3,record
V03-P0357,3,record
V03-P0358,3,record
V03-P0359,3,record
V03-P0360,3,record
V03-P0361,3,record
V03-P0362,3,record
V03-P0363,3,record
V03-P0364,3,record
V03-P0365,3,record
V03-P0366,3,record
V03-P0367,3,record
V03-P0368,3,record
V03-P0369,3,record
V03-P0370,3,record
V03-P0371,3,record
V03-P0372,3,record
V03-P0373,3,record
V03-P0374,3,record
V03-P0375,3,record
V03-P0376,3,record
V03-P0377,3,record
V03-P0378,3,record
V03-P0379,3,record
V03-P0380,3,record
V03-P0381,3,record
V03-P0382,3,record
V03-P0383,3,record
V03-P0384,3,record
V03-P0385,3,record
V03-P0386,3,record
V03-P0387,3,record
V03-P0388,3,record
V03-P0389,3,record
V03-P0390,3,record
V03-P0391,3,record
V03-P0392,3,record
V03-P0393,3,record
V03-P0394,3,record
V03-P0395,3,record
V03-P0396,3,record
V03-P0397,3,record
V03-P0398,3,record
V03-P0399,3,record
V03-P0400,3,record
V03-P0401,3,record
V03-P0402,3,record
V03-P0403,3,record
V03-P0404,3,record
V03-P0405,3,record
V03-P0406,3,record
V03-P0407,3,record
V03-P0408,3,record
V03-P0409,3,record
V03-P0410,3,record
V03-P0411,3,record
V03-P0412,3,record
V03-P0413,3,record
V03-P0414,3,record
V03-P0415,3,record
V03-P0416,3,record
V03-P0417,3,record
V03-P0418,3,record
V03-P0419,3,record
V03-P0420,3,record
V03-P0421,3,record
V03-P0422,3,record
V03-P0423,3,record
V03-P0424,3,record
V03-P0425,3,record
V03-P0426,3,record
V03-P0427,3,record
V03-P0428,3,record
V03-P0429,3,record
V03-P0430,3,record
V03-P0431,3,record
V03-P0432,3,record
V03-P0433,3,record
V03-P0434,3,record
V03-P0435,3,record
V03-P0436,3,record
V03-P0437,3,record
V03-P0438,3,record
V03-P0439,3,record
V03-P0440,3,record
V03-P0441,3,record
V03-P0442,3,record
V03-P0443,3,record
V03-P0444,3,record
V03-P0445,3,record
V03-P0446,3,record
V03-P0447,3,record
V03-P0448,3,record
V03-P0449,3,record
V03-P0450,3,record
V03-P0451,3,record
V03-P0452,3,record
V03-P0453,3,record
V03-P0454,3,record
V03-P0455,3,record
V03-P0456,3,record
V03-P0457,3,record
V03-P0458,3,record
V03-P0459,3,record
V03-P0460,3,record
V03-P0461,3,record
V03-P0462,3,record
V03-P0463,3,record
V03-P0464,3,record
V03-P0465,3,record
V03-P0466,3,record
V03-P0467,3,record
V03-P0468,3,record
V03-P0469,3,record
V03-P0470,3,record
V03-P0471,3,record
V03-P0472,3,record
V03-P0473,3,record
V03-P0474,3,record
V03-P0475,3,record
V03-P0476,3,record
V03-P0477,3,record
V03-P0478,3,record
V03-P0479,3,record
V03-P0480,3,record
V03-P0481,3,record
V03-P0482,3,record
V03-P0483,3,record
V03-P0484,3,record
V03-P0485,3,record
V03-P0486,3,record
V03-P0487,3,record
V03-P0488,3,record
V03-P0489,3,record
V03-P0490,3,record
V03-P0491,3,record
V03-P0492,3,record
V03-P0493,3,record
V03-P0494,3,record
V03-P0495,3,record
V03-P0496,3,record
V03-P0497,3,record
V03-P0498,3,record
V03-P0499,3,record
V03-P0500,3,record
V03-P0501,3,record
V03-P0502,3,record
V03-P0503,3,record
V03-P0504,3,record
V03-P0505,3,record
V03-P0506,3,record
V03-P0507,3,record
V03-P0508,3,record
V03-P0509,3,record
V03-P0510,3,record
V03-P0511,3,record
V03-P0512,3,record
V03-P0513,3,record
V03-P0514,3,record
V03-P0515,3,record
V03-P0516,3,record
V03-P0517,3,record
V03-P0518,3,record
V03-P0519,3,record
V03-P0520,3,record
V03-P0521,3,record
V03-P0522,3,record
V03-P0523,3,record
V03-P0524,3,record
V03-P0525,3,record
V03-P0526,3,record
V03-P0527,3,record
V03-P0528,3,record
V03-P0529,3,record
V03-P0530,3,record
V03-P0531,3,record
V03-P0532,3,record
V03-P0533,3,record
V03-P0534,3,record
V03-P0535,3,record
V03-P0536,3,record
V03-P0537,3,record
V03-P0538,3,record
V03-P0539,3,record
V03-P0540,3,record
V03-P0541,3,record
V03-P0542,3,record
V03-P0543,3,record
V03-P0544,3,record
V03-P0545,3,record
V03-P0546,3,record
V03-P0547,3,record
V03-P0548,3,record
V03-P0549,3,record
V03-P0550,3,record
V03-P0551,3,record
V03-P0552,3,record
V03-P0553,3,record
V03-P0554,3,record
V03-P0555,3,record
V03-P0556,3,record
V03-P0557,3,record
V03-P0558,3,record
V03-P0559,3,record
V03-P0560,3,record
V03-P0561,3,record
V03-P0562,3,record
V03-P0563,3,record
V03-P0564,3,record
V03-P0565,3,record
V03-P0566,3,record
V03-P0567,3,record
V03-P0568,3,record
V03-P0569,3,record
V03-P0570,3,record
V03-P0571,3,record
V03-P0572,3,record
V03-P0573,3,record
V03-P0574,3,record
V03-P0575,3,record
V03-P0576,3,record
V03-P0577,3,record
V03-P0578,3,record
V03-P0579,3,record
V03-P0580,3,record
V03-P0581,3,record
V03-P0582,3,record
V03-P0583,3,record
V03-P0584,3,record
V03-P0585,3,record
V03-P0586,3,record
V03-P0587,3,record
V03-P0588,3,record
V03-P0589,3,record
V03-P0590,3,record
V03-P0591,3,record
V03-P0592,3,record
V03-P0593,3,record
V03-P0594,3,record
V03-P0595,3,record
V03-P0596,3,record
V03-P0597,3,record
V03-P0598,3,record
V03-P0599,3,record
V03-P0600,3,record
V03-P0601,3,record
V03-P0602,3,record
V03-P0603,3,record
V03-P0604,3,record
V03-P0605,3,record
V03-P0606,3,record
V03-P0607,3,record
V03-P0608,3,record
V03-P0609,3,record
V03-P0610,3,record
V03-P0611,3,record
V03-P0612,3,record
V03-P0613,3,record
V03-P0614,3,record
V03-P0615,3,record
V03-P0616,3,record
V03-P0617,3,record
V03-P0618,3,record
V03-P0619,3,record
V03-P0620,3,record
V03-P0621,3,record
V03-P0622,3,record
V03-P0623,3,record
V03-P0624,3,record
V03-P0625,3,record
V03-P0626,3,record
V03-P0627,3,record
V03-P0628,3,record
V03-P0629,3,record
V03-P0630,3,record
V03-P0631,3,record
V03-P0632,3,record
V03-P0633,3,record
V03-P0634,3,record
V03-P0635,3,record
V03-P0636,3,record
V03-P0637,3,record
V03-P0638,3,record
V03-P0639,3,record
V03-P0640,3,record
V03-P0641,3,record
V03-P0642,3,record
V03-P0643,3,record
V03-P0644,3,record
V03-P0645,3,record
V03-P0646,3,record
V03-P0647,3,record
V03-P0648,3,record
V03-P0649,3,record
V03-P0650,3,record
V03-P0651,3,record
V03-P0652,3,record
V03-P0653,3,record
V03-P0654,3,record
V03-P0655,3,record
V03-P0656,3,record
V03-P0657,3,record
V03-P0658,3,record
V03-P0659,3,record
V03-P0660,3,record
V03-P0661,3,record
V03-P0662,3,record
V03-P0663,3,record
V03-P0664,3,record
V03-P0665,3,record
V03-P0666,3,record
V03-P0667,3,record
V03-P0668,3,record
V03-P0669,3,record
V03-P0670,3,record
V03-P0671,3,record
V03-P0672,3,record
V03-P0673,3,record
V03-P0674,3,record
V03-P0675,3,record
V03-P0676,3,record
V03-P0677,3,record
V03-P0678,3,record
V03-P0679,3,record
V03-P0680,3,record
V03-P0681,3,record
V03-P0682,3,record
V03-P0683,3,record
V03-P0684,3,record
V03-P0685,3,record
V03-P0686,3,record
V03-P0687,3,record
V03-P0688,3,record
V03-P0689,3,record
V03-P0690,3,record
V03-P0691,3,record
V03-P0692,3,record
V03-P0693,3,record
V03-P0694,3,record
V03-P0695,3,record
V03-P0696,3,record
V03-P0697,3,record
V03-P0698,3,record
V03-P0699,3,record
V03-P0700,3,record
V03-P0701,3,record
V03-P0702,3,record
V03-P0703,3,record
V03-P0704,3,record
V03-P0705,3,record
V03-P0706,3,record
V03-P0707,3,record
V03-P0708,3,record
V03-P0709,3,record
V03-P0710,3,record
V03-P0711,3,record
V03-P0712,3,record
V03-P0713,3,record
V03-P0714,3,record
V03-P0715,3,record
V03-P0716,3,record
V03-P0717,3,record
V03-P0718,3,record
V03-P0719,3,record
V03-P0720,3,record
V03-P0721,3,record
V03-P0722,3,record
V03-P0723,3,record
V03-P0724,3,record
V03-P0725,3,record
V03-P0726,3,record
V03-P0727,3,index
V03-P0728,3,index
V03-P0729,3,index
V03-P0730,3,index
V03-P0731,3,index
V03-P0732,3,index
V03-P0733,3,index
V03-P0734,3,index
V03-P0735,3,index
V03-P0736,3,index
V03-P0737,3,index
V03-P0738,3,index
V03-P0739,3,index
V03-P0740,3,index
V03-P0741,3,index
V03-P0742,3,index
V03-P0743,3,index
V03-P0744,3,index
V03-P0745,3,index
V03-P0746,3,index
V03-P0747,3,index
V03-P0748,3,index
V03-P0749,3,index
V03-P0750,3,index
V03-P0751,3,index
V03-P0752,3,index
V03-P0753,3,index
V03-P0754,3,index
V03-P0755,3,index
V03-P0756,3,index
V03-P0757,3,index
V03-P0758,3,index
V03-P0759,3,index
V03-P0760,3,index
V03-P0761,3,index
V03-P0762,3,index
V03-P0763,3,index
V03-P0764,3,index
V03-P0765,3,index
V04-P0001,4,record
V04-P0002,4,record
V04-P0003,4,record
V04-P0004,4,record
V04-P0005,4,record
V04-P0006,4,record
V04-P0007,4,record
V04-P0008,4,record
V04-P0009,4,record
V04-P0010,4,record
V04-P0011,4,record
V04-P0012,4,record
V04-P0013,4,record
V04-P0014,4,record
V04-P0015,4,record
V04-P0016,4,record
V04-P0017,4,record
V04-P0018,4,record
V04-P0019,4,record
V04-P0020,4,record
V04-P0021,4,record
V04-P0022,4,record
V04-P0023,4,record
V04-P0024,4,record
V04-P0025,4,record
V04-P0026,4,record
V04-P0027,4,record
V04-P0028,4,record
V04-P0029,4,record
V04-P0030,4,record
V04-P0031,4,record
V04-P0032,4,record
V04-P0033,4,record
V04-P0034,4,record
V04-P0035,4,record
V04-P0036,4,record
V04-P0037,4,record
V04-P0038,4,record
V04-P0039,4,record
V04-P0040,4,record
V04-P0041,4,record
V04-P0042,4,record
V04-P0043,4,record
V04-P0044,4,record
V04-P0045,4,record
V04-P0046,4,record
V04-P0047,4,record
V04-P0048,4,record
V04-P0049,4,record
V04-P0050,4,record
V04-P0051,4,record
V04-P0052,4,record
V04-P0053,4,record
V04-P0054,4,record
V04-P0055,4,record
V04-P0056,4,record
V04-P0057,4,record
V04-P0058,4,record
V04-P0059,4,record
V04-P0060,4,record
V04-P0061,4,record
V04-P0062,4,record
V04-P0063,4,record
V04-P0064,4,record
V04-P0065,4,record
V04-P0066,4,record
V04-P0067,4,record
V04-P0068,4,record
V04-P0069,4,record
V04-P0070,4,record
V04-P0071,4,record
V04-P0072,4,record
V04-P0073,4,record
V04-P0074,4,record
V04-P0075,4,record
V04-P0076,4,record
V04-P0077,4,record
V04-P0078,4,record
V04-P0079,4,record
V04-P0080,4,record
V04-P0081,4,record
V04-P0082,4,record
V04-P0083,4,record
V04-P0084,4,record
V04-P0085,4,record
V04-P0086,4,record
V04-P0087,4,record
V04-P0088,4,record
V04-P0089,4,record
V04-P0090,4,record
V04-P0091,4,record
V04-P0092,4,record
V04-P0093,4,record
V04-P0094,4,record
V04-P0095,4,record
V04-P0096,4,record
V04-P0097,4,record
V04-P0098,4,record
V04-P0099,4,record
V04-P0100,4,record
V04-P0101,4,record
V04-P0102,4,record
V04-P0103,4,record
V04-P0104,4,record
V04-P0105,4,record
V04-P0106,4,record
V04-P0107,4,record
V04-P0108,4,record
V04-P0109,4,record
V04-P0110,4,record
V04-P0111,4,record
V04-P0112,4,record
V04-P0113,4,record
V04-P0114,4,record
V04-P0115,4,record
V04-P0116,4,record
V04-P0117,4,record
V04-P0118,4,record
V04-P0119,4,record
V04-P0120,4,record
V04-P0121,4,record
V04-P0122,4,record
V04-P0123,4,record
V04-P0124,4,record
V04-P0125,4,record
V04-P0126,4,record
V04-P0127,4,record
V04-P0128,4,record
V04-P0129,4,record
V04-P0130,4,record
V04-P0131,4,record
V04-P0132,4,record
V04-P0133,4,record
V04-P0134,4,record
V04-P0135,4,record
V04-P0136,4,record
V04-P0137,4,record
V04-P0138,4,record
V04-P0139,4,record
V04-P0140,4,record
V04-P0141,4,record
V04-P0142,4,record
V04-P0143,4,record
V04-P0144,4,record
V04-P0145,4,record
V04-P0146,4,record
V04-P0147,4,record
V04-P0148,4,record
V04-P0149,4,record
V04-P0150,4,record
V04-P0151,4,record
V04-P0152,4,record
V04-P0153,4,record
V04-P0154,4,record
V04-P0155,4,record
V04-P0156,4,record
V04-P0157,4,record
V04-P0158,4,record
V04-P0159,4,record
V04-P0160,4,record
V04-P0161,4,record
V04-P0162,4,record
V04-P0163,4,record
V04-P0164,4,record
V04-P0165,4,record
V04-P0166,4,record
V04-P0167,4,record
V04-P0168,4,record
V04-P0169,4,record
V04-P0170,4,record
V04-P0171,4,record
V04-P0172,4,record
V04-P0173,4,record
V04-P0174,4,record
V04-P0175,4,record
V04-P0176,4,record
V04-P0177,4,record
V04-P0178,4,record
V04-P0179,4,record
V04-P0180,4,record
V04-P0181,4,record
V04-P0182,4,record
V04-P0183,4,record
V04-P0184,4,record
V04-P0185,4,record
V04-P0186,4,record
V04-P0187,4,record
V04-P0188,4,record
V04-P0189,4,record
V04-P0190,4,record
V04-P0191,4,record
V04-P0192,4,record
V04-P0193,4,record
V04-P0194,4,record
V04-P0195,4,record
V04-P0196,4,record
V04-P0197,4,record
V04-P0198,4,record
V04-P0199,4,record
V04-P0200,4,record
V04-P0201,4,record
V04-P0202,4,record
V04-P0203,4,record
V04-P0204,4,record
V04-P0205,4,record
V04-P0206,4,record
V04-P0207,4,record
V04-P0208,4,record
V04-P0209,4,record
V04-P0210,4,record
V04-P0211,4,record
V04-P0212,4,record
V04-P0213,4,record
V04-P0214,4,record
V04-P0215,4,record
V04-P0216,4,record
V04-P0217,4,record
V04-P0218,4,record
V04-P0219,4,record
V04-P0220,4,record
V04-P0221,4,record
V04-P0222,4,record
V04-P0223,4,record
V04-P0224,4,record
V04-P0225,4,record
V04-P0226,4,record
V04-P0227,4,record
V04-P0228,4,record
V04-P0229,4,record
V04-P0230,4,record
V04-P0231,4,record
V04-P0232,4,record
V04-P0233,4,record
V04-P0234,4,record
V04-P0235,4,record
V04-P0236,4,record
V04-P0237,4,record
V04-P0238,4,record
V04-P0239,4,record
V04-P0240,4,record
V04-P0241,4,record
V04-P0242,4,record
V04-P0243,4,record
V04-P0244,4,record
V04-P0245,4,record
V04-P0246,4,record
V04-P0247,4,record
V04-P0248,4,record
V04-P0249,4,record
V04-P0250,4,record
V04-P0251,4,record
V04-P0252,4,record
V04-P0253,4,record
V04-P0254,4,record
V04-P0255,4,record
V04-P0256,4,record
V04-P0257,4,record
V04-P0258,4,record
V04-P0259,4,record
V04-P0260,4,record
V04-P0261,4,record
V04-P0262,4,record
V04-P0263,4,record
V04-P0264,4,record
V04-P0265,4,record
V04-P0266,4,record
V04-P0267,4,record
V04-P0268,4,record
V04-P0269,4,record
V04-P0270,4,record
V04-P0271,4,record
V04-P0272,4,record
V04-P0273,4,record
V04-P0274,4,record
V04-P0275,4,record
V04-P0276,4,record
V04-P0277,4,record
V04-P0278,4,record
V04-P0279,4,record
V04-P0280,4,record
V04-P0281,4,record
V04-P0282,4,record
V04-P0283,4,record
V04-P0284,4,record
V04-P0285,4,record
V04-P0286,4,record
V04-P0287,4,record
V04-P0288,4,record
V04-P0289,4,record
V04-P0290,4,record
V04-P0291,4,record
V04-P0292,4,record
V04-P0293,4,record
V04-P0294,4,record
V04-P0295,4,record
V04-P0296,4,record
V04-P0297,4,record
V04-P0298,4,record
V04-P0299,4,record
V04-P0300,4,record
V04-P0301,4,record
V04-P0302,4,record
V04-P0303,4,record
V04-P0304,4,record
V04-P0305,4,record
V04-P0306,4,record
V04-P0307,4,record
V04-P0308,4,record
V04-P0309,4,record
V04-P0310,4,record
V04-P0311,4,record
V04-P0312,4,record
V04-P0313,4,record
V04-P0314,4,record
V04-P0315,4,record
V04-P0316,4,record
V04-P0317,4,record
V04-P0318,4,record
V04-P0319,4,record
V04-P0320,4,record
V04-P0321,4,record
V04-P0322,4,record
V04-P0323,4,record
V04-P0324,4,record
V04-P0325,4,record
V04-P0326,4,record
V04-P0327,4,record
V04-P0328,4,record
V04-P0329,4,record
V04-P0330,4,record
V04-P0331,4,record
V04-P0332,4,record
V04-P0333,4,record
V04-P0334,4,record
V04-P0335,4,record
V04-P0336,4,record
V04-P0337,4,record
V04-P0338,4,record
V04-P0339,4,record
V04-P0340,4,record
V04-P0341,4,record
V04-P0342,4,record
V04-P0343,4,record
V04-P0344,4,record
V04-P0345,4,record
V04-P0346,4,record
V04-P0347,4,record
V04-P0348,4,record
V04-P0349,4,record
V04-P0350,4,record
V04-P0351,4,record
V04-P0352,4,record
V04-P0353,4,record
V04-P0354,4,record
V04-P0355,4,record
V04-P0356,4,record
V04-P0357,4,record
V04-P0358,4,record
V04-P0359,4,record
V04-P0360,4,record
V04-P0361,4,record
V04-P0362,4,record
V04-P0363,4,record
V04-P0364,4,record
V04-P0365,4,record
V04-P0366,4,record
V04-P0367,4,record
V04-P0368,4,record
V04-P0369,4,record
V04-P0370,4,record
V04-P0371,4,record
V04-P0372,4,record
V04-P0373,4,record
V04-P0374,4,record
V04-P0375,4,record
V04-P0376,4,record
V04-P0377,4,record
V04-P0378,4,record
V04-P0379,4,record
V04-P0380,4,record
V04-P0381,4,record
V04-P0382,4,record
V04-P0383,4,record
V04-P0384,4,record
V04-P0385,4,record
V04-P0386,4,record
V04-P0387,4,record
V04-P0388,4,record
V04-P0389,4,record
V04-P0390,4,record
V04-P0391,4,record
V04-P0392,4,record
V04-P0393,4,record
V04-P0394,4,record
V04-P0395,4,record
V04-P0396,4,record
V04-P0397,4,record
V04-P0398,4,record
V04-P0399,4,record
V04-P0400,4,record
V04-P0401,4,record
V04-P0402,4,record
V04-P0403,4,record
V04-P0404,4,record
V04-P0405,4,record
V04-P0406,4,record
V04-P0407,4,record
V04-P0408,4,record
V04-P0409,4,record
V04-P0410,4,record
V04-P0411,4,record
V04-P0412,4,record
V04-P0413,4,record
V04-P0414,4,record
V04-P0415,4,record
V04-P0416,4,record
V04-P0417,4,record
V04-P0418,4,record
V04-P0419,4,record
V04-P0420,4,record
V04-P0421,4,record
V04-P0422,4,record
V04-P0423,4,record
V04-P0424,4,record
V04-P0425,4,record
V04-P0426,4,record
V04-P0427,4,record
V04-P0428,4,record
V04-P0429,4,record
V04-P0430,4,record
V04-P0431,4,record
V04-P0432,4,record
V04-P0433,4,record
V04-P0434,4,record
V04-P0435,4,record
V04-P0436,4,record
V04-P0437,4,record
V04-P0438,4,record
V04-P0439,4,record
V04-P0440,4,record
V04-P0441,4,record
V04-P0442,4,record
V04-P0443,4,record
V04-P0444,4,record
V04-P0445,4,record
V04-P0446,4,record
V04-P0447,4,record
V04-P0448,4,record
V04-P0449,4,record
V04-P0450,4,record
V04-P0451,4,record
V04-P0452,4,record
V04-P0453,4,record
V04-P0454,4,record
V04-P0455,4,record
V04-P0456,4,record
V04-P0457,4,record
V04-P0458,4,record
V04-P0459,4,record
V04-P0460,4,record
V04-P0461,4,record
V04-P0462,4,record
V04-P0463,4,record
V04-P0464,4,record
V04-P0465,4,record
V04-P0466,4,record
V04-P0467,4,record
V04-P0468,4,record
V04-P0469,4,record
V04-P0470,4,record
V04-P0471,4,record
V04-P0472,4,record
V04-P0473,4,record
V04-P0474,4,record
V04-P0475,4,record
V04-P0476,4,record
V04-P0477,4,record
V04-P0478,4,record
V04-P0479,4,record
V04-P0480,4,record
V04-P0481,4,record
V04-P0482,4,record
V04-P0483,4,record
V04-P0484,4,record
V04-P0485,4,record
V04-P0486,4,record
V04-P0487,4,record
V04-P0488,4,record
V04-P0489,4,record
V04-P0490,4,record
V04-P0491,4,record
V04-P0492,4,record
V04-P0493,4,record
V04-P0494,4,record
V04-P0495,4,record
V04-P0496,4,record
V04-P0497,4,record
V04-P0498,4,record
V04-P0499,4,record
V04-P0500,4,record
V04-P0501,4,record
V04-P0502,4,record
V04-P0503,4,record
V04-P0504,4,record
V04-P0505,4,record
V04-P0506,4,record
V04-P0507,4,record
V04-P0508,4,record
V04-P0509,4,record
V04-P0510,4,record
V04-P0511,4,record
V04-P0512,4,record
V04-P0513,4,record
V04-P0514,4,record
V04-P0515,4,record
V04-P0516,4,record
V04-P0517,4,record
V04-P0518,4,record
V04-P0519,4,record
V04-P0520,4,record
V04-P0521,4,record
V04-P0522,4,record
V04-P0523,4,record
V04-P0524,4,record
V04-P0525,4,record
V04-P0526,4,record
V04-P0527,4,record
V04-P0528,4,record
V04-P0529,4,record
V04-P0530,4,record
V04-P0531,4,record
V04-P0532,4,record
V04-P0533,4,record
V04-P0534,4,record
V04-P0535,4,record
V04-P0536,4,record
V04-P0537,4,record
V04-P0538,4,record
V04-P0539,4,record
V04-P0540,4,record
V04-P0541,4,record
V04-P0542,4,record
V04-P0543,4,record
V04-P0544,4,record
V04-P0545,4,record
V04-P0546,4,record
V04-P0547,4,record
V04-P0548,4,record
V04-P0549,4,record
V04-P0550,4,record
V04-P0551,4,record
V04-P0552,4,record
V04-P0553,4,record
V04-P0554,4,record
V04-P0555,4,record
V04-P0556,4,record
V04-P0557,4,record
V04-P0558,4,record
V04-P0559,4,record
V04-P0560,4,record
V04-P0561,4,record
V04-P0562,4,record
V04-P0563,4,record
V04-P0564,4,record
V04-P0565,4,record
V04-P0566,4,record
V04-P0567,4,record
V04-P0568,4,record
V04-P0569,4,record
V04-P0570,4,record
V04-P0571,4,record
V04-P0572,4,record
V04-P0573,4,record
V04-P0574,4,record
V04-P0575,4,record
V04-P0576,4,record
V04-P0577,4,record
V04-P0578,4,record
V04-P0579,4,record
V04-P0580,4,record
V04-P0581,4,record
V04-P0582,4,record
V04-P0583,4,record
V04-P0584,4,record
V04-P0585,4,record
V04-P0586,4,record
V04-P0587,4,record
V04-P0588,4,record
V04-P0589,4,record
V04-P0590,4,record
V04-P0591,4,record
V04-P0592,4,record
V04-P0593,4,record
V04-P0594,4,record
V04-P0595,4,record
V04-P0596,4,record
V04-P0597,4,record
V04-P0598,4,index
V04-P0599,4,index
V04-P0600,4,index
V04-P0601,4,index
V04-P0602,4,index
V04-P0603,4,index
V04-P0604,4,index
V04-P0605,4,index
V04-P0606,4,index
V04-P0607,4,index
V04-P0608,4,index
V04-P0609,4,index
V04-P0610,4,index
V04-P0611,4,index
V04-P0612,4,index
V04-P0613,4,index
V04-P0614,4,index
V04-P0615,4,index
V04-P0616,4,index
V04-P0617,4,index
V04-P0618,4,index
V04-P0619,4,index
V04-P0620,4,index
V04-P0621,4,index
V04-P0622,4,index
V04-P0623,4,index
V04-P0624,4,index
V04-P0625,4,index
V04-P0626,4,index
V04-P0627,4,index
V04-P0628,4,index
V04-P0629,4,index
V04-P0630,4,index
V04-P0631,4,index
