review_decision,review_note,entity_id,entity_name,category,spelling,match_type,best_score,occurrences,readings,sample_context
,,IG-003,Pamunkey,group,Pomucke,fuzzy,0.923,1,group_or_homonym:1,"onclusione referr Capt Thorpe touchinge all matters to a fourther Conference at Pomucke when he had ended his huntinge, The lande belonginge to the place of Gouernor"
,,IG-007,Kecoughtan,group,Kikatan,fuzzy,0.933,1,place_homonym:1,"herevnt say C’ q, this Auns* infra. | The greevances of certayne Inhabitants of Kikatan in Virginia now called Elizabeth Citty by the testimony of William Kemp for the"
,,IG-007,Kecoughtan,group,Kiguotan,fuzzy,0.875,1,place_homonym:1,Indorsed in the same hand:] [* XLI. Governor ARGALL. Gov' orders the Comd' of Kiguotan not to let Sailors come ashore or people go aboard because when y° Sailors hear
,,IG-007,Kecoughtan,group,Kieotan,fuzzy,0.857,1,place_homonym:1,"ed with Captaine Whitacres (a man of no good example) with whom he is gone inte Kieotan, vet wheresocuer he bee, he shall not bee without the reach of my Care, nor wan"
,,IG-011,Warraskoyack,group,Warescovke,fuzzy,0.9,1,place_homonym:1,"ge yardley vppon ¥° Wyanokes aud in a seconde expeditione vppon the nancemunds, Warescovke & Pawininkie y? Chiefe seate of Sansapen & apochankeno, Capt John West vppom th"
,,IG-011,Warraskoyack,group,Wariseovks,fuzzy,0.842,1,group:1,"evenues might be greatly Improved. Cupt Bache hath not veu vewed tlie place at Wariseovks whether it be it for fortifieation] or nett, when he hath, yf be shall find it"
,,IG-011,Warraskoyack,group,Warrsovieke,fuzzy,0.9,1,place_homonym:1,"130 RECORDS OF THE VIRGINIA COMPANY them to Warrsovieke, to y° said Capt Smith furnished wt Armes & toales, & w™ suffveient Vietuall &"
,,IG-011,Warraskoyack,group,Warrisquincke,fuzzy,0.857,1,place_homonym:1,"r that (as it is net vankuewen veio thei, Robert Guyar had formerly sent men to Warrisquincke for that purpose, the Jealousy of such an exeuse was yo cause (it is Confessed)"
,,IG-001,Powhatan,group,Powhaton,exact,1.0,6,group_or_homonym:6,"the englishe aliue, left by 8"" Walter Rawely wh escaped from the slaughter of Powhaton of Roanocke, vppon the Pewhalon first arrivall of our Colonie, and liue vnder t"
,,IG-001,Powhatan,group,Powhatan,exact,1.0,3,group_or_homonym:3,y estimaéon fower score Miles or thereabout¢ for w™ ground he did compound with Powhatan the Indian Kinge or cheife of that place and bounded the same out with markeabl
,,IG-001,Powhatan,group,Powhatan’s,exact,1.0,1,group:1,106 RECORDS OF THE VIRGINIA COMPANY Brother had by Powhatan’s Daughter w™ Child is yet lyvinge and in his eustodie) It was ordered [63] that
,,IG-001,Powhatan,group,Pohatan,exact,1.0,1,group_or_homonym:1,irginia. [285] Herevnto wee ansvere y* itt is true that Matoar the daughter of Pohatan being taken Prisoner by Cap‘ Argall and affectinge marriage w one m* Rolf becam
,,IG-001,Powhatan,group,Pohaton,exact,1.0,1,group_or_homonym:1,"seruc their owne ends, where the Copper is yett in his primary estimaéon w'h Pohaton hath hitherto engrossed and partely for feare of Constrainte. Monocon to the e"
,,IG-001,Powhatan,group,Powhatons,exact,1.0,1,group:1,"d partely for feare of Constrainte. Monocon to the east and head of our Riuer, Powhatons enemy and the Monecon Manahockes to y* Northeast to the head of the Riuer of Mo"
,,IG-001,Powhatan,group,Powsatan,exact,1.0,1,group_or_homonym:1,"o his brother and lickwisse from their subiect¢ of these thre riuere of Ronoake Powsatan and Pamunky: By the Gouernor and Counsell at James Citty Nouemb"" 12 1619: Whe"
,,IG-001,Powhatan,group,Powhawtan,exact,1.0,1,group_or_homonym:1,"rt this vato you w® I haue noted amoungest theis Savadges. The greate Werowance Powhawtan in his annuall progress through his pettye provinces cofiing to Patowamack, was"
,,IG-001,Powhatan,group,Powhatans,exact,1.0,1,group:1,"the Ninge of the Fasterne shore of Apochaukeno his plott, at the takinge vpp of Powhatans bones at we? Ceremony great numbers of the Salvages were to be assembled to set"
,,IG-001,Powhatan,group,Powhatanes,exact,1.0,1,group:1,dage pablsekly hy the Counselle Virginia 118 RECORDS OF THE VIRGINIA COMPANY Powhatanes Couutrey who together wt his Brother Opichankano plotted when 8° G. Yardly eame
,,IG-002,Tanx Powhatan,group,Tanx Powhatans,exact,1.0,2,group:2,"Pawininkie y? Chiefe seate of Sansapen & apochankeno, Capt John West vppom the Tanx Powhatans, and Capt? William Powell vppon the Chocohominy Capt [lamer beinge sent to the"
,,IG-003,Pamunkey,group,Pamaouke,exact,1.0,2,place_homonym:1|group_or_homonym:1,"e- tiver hommack], neere vnto you and not farre of another navagable outlett Pamaouke river into the sea by the Riuer of Pamaouke:"
,,IG-003,Pamunkey,group,Pomunkeys,exact,1.0,2,group:2,"JANUARY 30, 1623/4 451 in a warr against the Pomunkeys, w® would haue been very Advantagious vnto us, The vnsesonablenes of the weathe"
,,IG-003,Pamunkey,group,Pamunky,exact,1.0,1,group_or_homonym:1,"and lickwisse from their subiect¢ of these thre riuere of Ronoake Powsatan and Pamunky: By the Gouernor and Counsell at James Citty Nouemb"" 12 1619: Wheras accordin"
,,IG-003,Pamunkey,group,Pomonkey,exact,1.0,1,place_homonym:1,"much love to me, and giueth much credite to my worde) to goe in a shallopp unto Pomonkey ryver: weh wee did. Going vp that 1 Marginal notes by John Ferrar."
,,IG-003,Pamunkey,group,Pamounkey,exact,1.0,1,place_homonym:1,"formerly saued, as at Iames-Citie, and other places, and the Pinnace trading in Pamounkey Riuer, all whose liues were saued by a conuerted Indian, disclosing the plot in"
,,IG-003,Pamunkey,group,Pacomunky,exact,1.0,1,group_or_homonym:1,| Kinge|| James Riuer and Northward to the Riuer called the Queenes Riuer alias Pacomunky together with the one halfe of the Riuer or Riuers that is to saye to the midde
,,IG-003,Pamunkey,group,Pamunke,exact,1.0,1,group_or_homonym:1,"as God shall giue leaue) and the wind and weather pmitt; to go for the Riuer of Pamunke, and any other Ruier w'tin the Bay of Chesipiack, and elsewhere, as he shall th"
,,IG-003,Pamunkey,group,Pamunkey,exact,1.0,1,group_or_homonym:1,"he Sixteenth yeare of this Plantation. To 8"" George Yeardley for his Vioage to Pamunkey. Francis WYATT CCLVIII. Str Epwin Sanpys. A Lerrer to Joun Frerrar SEPTEMBER"
,,IG-003,Pamunkey,group,Pamiunkey,exact,1.0,1,group_or_homonym:1,ength w** the latytude: his owne principall seate is in y* seacond Riuer called Pamiunkey in the harte of his owne inhabited territories. This revolted Indian Kinge in h
,,IG-003,Pamunkey,group,Pamaunkey,exact,1.0,1,place_homonym:1,"his Ma**s Counsell and Companie two seates the first in Opichankanos Island in Pamaunkey river, beinge in the parte of the most of the 32 Sheires. The seacond at Okana"
,,IG-003,Pamunkey,group,Pamaunkok,exact,1.0,1,group_or_homonym:1,"aine have peace, Conditionallie, that they may haue their Corne at Kiskiek, and Pamaunkok, that is Just at our backe, and when their Corne is readie, haue at yo"" buckler"
,,IG-003,Pamunkey,group,Pomunkie,exact,1.0,1,group_or_homonym:1,"burninge theire howses, & that they desired, they might be suffred to plante at Pomunkie, and theire former Seates, we"" yf they might Peaceublely do they would send hom"
,,IG-003,Pamunkey,group,Pamunckey,exact,1.0,1,group_or_homonym:1,"rsons, weh vppon espetiall occasion are to accompanie him, in the shallops into Pamunckey Ryuer, neere to the seate of Appochankano. And for the better manageing of his"
,,IG-003,Pamunkey,group,Pomuckeys,exact,1.0,1,group:1,"ged by the paucytie of ours, or theire owne greate numbers, There beinge of the Pomuckeys cight hundred bowmen, besides divers nationes that eam to nsiste them, fighting"
,,IG-003,Pamunkey,group,Pomunckeys,exact,1.0,1,group:1,"hope they haue loste, it depending much vppon the success of this Actione, The Pomunckeys havinge made greate braggs, of what they would doc, Amonge the Northerne nation"
,,IG-003,Pamunkey,group,Pomukeys,exact,1.0,1,group:1,"us the former Sumer, and as we coneeaye did much relye vppon releiffe from the Pomukeys, who therfore planted y° greater quantitie, Our powder is now so farr exhausted"
,,IG-003,Pamunkey,group,Pomaunkey,exact,1.0,1,place_homonym:1,ed anted anted anted anted anted anted anted anted 1 by pattent by Pattent Pomaunkey River Courte On y° Easterly Side of Southampton River ther are 3000 Acres bee
,,IG-004,Chickahominy,group,Chekohomini,exact,1.0,3,group_or_homonym:3,"in all thinge observe them to the vtmost of yo"" power. The outrage don by the Chekohomini deserveth a sharpe revenge, and it standeth yo"" vpon in matter of state to pcee"
,,IG-004,Chickahominy,group,Chicahominy,exact,1.0,2,place_homonym:1|group_or_homonym:1,", contayning 100,000: Aercs, extending from Tanke Weyonoke downe to y° mouth of Chicahominy River The Corporaéon of James Citty Adioyning to y* mouth Chicahominy Riv: th"
,,IG-004,Chickahominy,group,Chicohomini,exact,1.0,1,group_or_homonym:1,bed and antient quarrells might be revived. And farther be it ordained that the Chicohomini are not to be excepted out of this lawe; untill either that suche order come ou
,,IG-004,Chickahominy,group,Chickahominie,exact,1.0,1,place_homonym:1,nies land some fower milles from James Citty westward toward¢ the mouthe of the Chickahominie river: The Inhabitant¢ of Kequohtan the bounde of the Cofion Lande notwthstand
,,IG-004,Chickahominy,group,Chikahomynies,exact,1.0,1,group:1,"dayly hazard, all + message being vntruly delyu%ed by Poole on both side. The Chikahomynies come not at vs, but wee receyue no domage by them. The Governo’ hath bounded t"
,,IG-004,Chickahominy,group,Chicaominy,exact,1.0,1,place_homonym:1,"ment in New York Public Library List of Records No. 296 River, yea some on the Chicaominy River. But to the ende our Noble and most worthy Adventurers bee not deprived o"
,,IG-004,Chickahominy,group,Checkohomint,exact,1.0,1,group_or_homonym:1,"aiinond being one of the Company of Capt Nathaniel Butler esqr when hee went to Checkohomint in y"" good shipp vy? Adam & ue did kill one of the kine of the Wort! wv? lady D"
,,IG-004,Chickahominy,group,Chocohominy,exact,1.0,1,group_or_homonym:1,"no, Capt John West vppom the Tanx Powhatans, and Capt? William Powell vppon the Chocohominy Capt [lamer beinge sent to the Patomecks tu trade for Corne slew divers of v° N"
,,IG-004,Chickahominy,group,Chickohuomini,exact,1.0,1,group_or_homonym:1,"ny of theire Plantation) as he shall think necessarie: And so provided te go vp Chickohuomini Riu' to the Plantation€ of the Salvuges there, or to any other places adioyning"
,,IG-005,Weyanoke,group,Winocke,exact,1.0,2,group_or_homonym:2,"ie ae fiue degrees this place if you seeke by Indian guides from James forte to Winocke Winocke by water, from thence to Manqueocke, some twenty miles from Le thence t"
,,IG-005,Weyanoke,group,Weynoack,exact,1.0,2,group_or_homonym:2,0. auaritious quarrels ambitious quarrels. 40 4. Shinhow Swinhow. abid. 10. Weynoack. Weyanock. 45 5. by Fretum Hudsen. and by Frefum Hudson. [1] A Decraration of
,,IG-005,Weyanoke,group,Weyonoke,exact,1.0,2,group_or_homonym:2,Here is land laid out for Charles Citty and y*° Comonland The Teritory of great Weyonoke Christopher Harding 100 Acres! Wii Baylie 50 ' Richard Prate 150 William Jarr
,,IG-005,Weyanoke,group,Weynock,exact,1.0,1,group_or_homonym:1,anted unto you the said Captain Yeardley all that parcel of Marsh ground called Weynock and also one other peice and parcel of Land adjoining to the same Marsh called
,,IG-005,Weyanoke,group,Weyonoek,exact,1.0,1,group_or_homonym:1,"e, that I may not be wronged in that w* is my deu and Ryght, I meane my Land of Weyonoek so ffirmly confirmed by the Counsell and Company vnto me, I endeed as my Contin"
,,IG-005,Weyanoke,group,Weyenock,exact,1.0,1,group_or_homonym:1,"ree Choyse, and Liberty to take, as much in proportion and quantity, as that of Weyenock is and agayne that it may be after Notice of the place that I have it granted a"
,,IG-005,Weyanoke,group,Weyanock,exact,1.0,1,group_or_homonym:1,ious quarrels ambitious quarrels. 40 4. Shinhow Swinhow. abid. 10. Weynoack. Weyanock. 45 5. by Fretum Hudsen. and by Frefum Hudson. [1] A Decraration of the state
,,IG-005,Weyanoke,group,Wyanokes,exact,1.0,1,group:1,"ppon the Tapahatonahs, in two severall expeditions, Sr. George yardley vppon ¥° Wyanokes aud in a seconde expeditione vppon the nancemunds, Warescovke & Pawininkie y? C"
,,IG-005,Weyanoke,group,Wayonoke,exact,1.0,1,group_or_homonym:1,0 M' Samuell Macockes divident Perseys hundred 1000: acres planted [73] Tanke Wayonoke ouer against Perseys hu: 2000 Acres Captaine Spilmans Divident Marttin Brando
,,IG-006,Paspahegh,group,Paspaheigh,exact,1.0,4,group_or_homonym:4,"service have been able to have redeemed. This day also did the Inhabitants of Paspaheigh, alias Argall’s towne, present a petition to the general assembly to give them"
,,IG-006,Paspahegh,group,Passbehay,exact,1.0,2,group_or_homonym:2,"and affaires, to haue absolute power and cotiiand over all the people, both in Passbehay and the Maine, and to charge & comand all the said people vppon paine of Death"
,,IG-006,Paspahegh,group,Paspahey,exact,1.0,1,group_or_homonym:1,"st of the Plantatons as Newports News, Blunt poynt Wariscoyake Martins Hundred, Paspahey and all the Plantacons right ouer against Iames Citty, and all the Plantacons a"
,,IG-006,Paspahegh,group,Paspahay,exact,1.0,1,group_or_homonym:1,ritten except that of the Ordinance and Pallysadoes und other matters y* aboue Paspahay. The marke of E S Edward Sanders I Iohn Dennis M* of y° Marmaduk affirme all y
,,IG-006,Paspahegh,group,Paspeheies,exact,1.0,1,group:1,t the Companies Charges And of the Lands formerly conquer’d or purchased of the Paspeheies and of other grounds next adjoining In like sort we require you to set and lay
,,IG-006,Paspahegh,group,Paspaheighe,exact,1.0,1,group_or_homonym:1,"one Ensigne Harrison, the saide Ensigne should affirme to one Thomas Davis, of Paspaheighe, Gent. (as the said Thomas Davis deposed upon oathe,) that they had made a hard"
,,IG-006,Paspahegh,group,Paspaheigho,exact,1.0,1,group_or_homonym:1,"Martins Hundred people, to make them acknowledge by y® same act of theirs that Paspaheigho by? + expresse wordes in y® greate Comission did belonge to y°? Governo™ and th"
,,IG-006,Paspahegh,group,Paspaheys,exact,1.0,1,group:1,"a 16. Jan: 1619, By * * * Reasons of Rent taken by S' G. Y. from Mart. Hun. The Paspaheys land. Store of True Housbandmen to be sent. Vignerons & Vines from Fr: and Spa"
,,IG-006,Paspahegh,group,Paspehayes,exact,1.0,1,group:1,of it we now remaiyne within the Subberbs of James Cittie called by the name of Paspehayes with my sonn in law John Smyth Thus loth to troble yout worship I humblie take
,,IG-006,Paspahegh,group,Paspehay,exact,1.0,1,group_or_homonym:1,"nst them, Wee haue thought most fitt to hol[d] these few places, James Cyttie w Paspehay and Certen Plantacons one the oth[er] side of the river over against the Cyttie"
,,IG-006,Paspahegh,group,Pasbehaighes,exact,1.0,1,group:1,"arding, as I had not aboue a 1000 w' of Sixteene Tenants of mine, yt Planted at Pasbehaighes. Truth is I was faine lend many of them (hauing wiues and Children) more corne,"
,,IG-007,Kecoughtan,group,Kiccowtan,exact,1.0,3,place_homonym:3,amely the cheif City called James town Charles City Henrico and the Burrough of Kiccowtan And that in all these foresaid Cities or Burroughs the ancient Adventurers and
,,IG-007,Kecoughtan,group,Kicoughtan,exact,1.0,3,place_homonym:3,"&e. The like Comission (mutatis mutandis) was given to Capt Wiltm Tucker, for Kicoughtan, and others for other places. Francis Wyatt Cur: Davison Seer: CCXXXYV. Viremn"
,,IG-007,Kecoughtan,group,Kiquotan,exact,1.0,2,place_homonym:2,"that place have 1200 Acres of Land sett out belonginge to that Office, 600 att Kiquotan, now called Elizabeth Cittie 400 Acres att Charles Cittie, 100: att Henrico,"
,,IG-007,Kecoughtan,group,Kiccoutan,exact,1.0,2,place_homonym:2,"habited but is conveniently habitable. And Answere for y° first Plantacon w™ is Kiccoutan against w™ (if any be) most exception may be made, itt is every way soe well di"
,,IG-007,Kecoughtan,group,Kequohtan,exact,1.0,2,place_homonym:2,tty westward toward¢ the mouthe of the Chickahominie river: The Inhabitant¢ of Kequohtan the bounde of the Cofion Lande notwthstandinge are permitted to Continew vpon t
,,IG-007,Kecoughtan,group,Keqnoughton,exact,1.0,2,place_homonym:2,"Bay. The occasion hereof happened by the vnfrendly dealing of the Inhitant¢ of Keqnoughton, for he was in greate want of victuall¢, wherew™ they would not releive him nor"
,,IG-007,Kecoughtan,group,Keycotan,exact,1.0,2,place_homonym:2,"er & Comaund ou? all the people in the planta@on adioyning to Llzabeth citty at Keycotan that is to say fro Newportnewes to Edwed Hill his house, one the west side Sout"
,,IG-007,Kecoughtan,group,Kicotan,exact,1.0,2,place_homonym:2,hath takfen] order in England to pay you the 50! wth he owes. I have beene at Kicotan to order your affaires in that place. Captaine Nuce died very poore: he had no
,,IG-007,Kecoughtan,group,Kiquoughtan,exact,1.0,1,place_homonym:1,"v"" To M® of Ships not to let their sailors go ashore or talk with y® people at Kiquoughtan To Some persons to trade with Indians To the Ranger of y° forest at Kigoton t"
,,IG-007,Kecoughtan,group,Kicecowtan,exact,1.0,1,place_homonym:1,f Henrico And other three thousand Acres of land in the fields and territory of Kicecowtan all which to be and be called the Companies lands and to be occupied by the Com
,,IG-007,Kecoughtan,group,Kiecowtan,exact,1.0,1,place_homonym:1,"rpose, The sixte and laste is, they wilbe pleased to change the savage name of Kiecowtan, and to give that Incorporation a new name. These are the general Petitions dr"
,,IG-007,Kecoughtan,group,Kicawtan,exact,1.0,1,place_homonym:1,"r will comande him any service. And the like shall they performe that come from Kicawtan ward, or from any place between this and that, to go upwarde, upon paine of for"
,,IG-007,Kecoughtan,group,Kicowtan,exact,1.0,1,place_homonym:1,"foure ancient generall Burroughs, called ames City, Henrico, Charles City, and Kicowtan, (which hereafter shall be called Elizabeth City, by the name of his Maiesties"
,,IG-007,Kecoughtan,group,Kickoghtan,exact,1.0,1,place_homonym:1,"erten Plantacons one the oth[er] side of the river over against the Cyttie, and Kickoghtan and Newports news Southampton hundred, Flowerdei hundred Sherley hundred & A Pl"
,,IG-008,Appamattuck,group,Apomattucke,exact,1.0,1,place_homonym:1,mas Xerles. Thomas Hobson. Thomas Freeman. William Baily. Iohn Allen. [87] At Apomattucke Riuer at Master Abraham Pierce his Plantation some fine miles off the Colledge
,,IG-008,Appamattuck,group,Apomatuckes,exact,1.0,1,group:1,"d a iniserable experience. The other day a party went vp to seat on y° Kinge of Apomatuckes townes, but before they could get thither, they were soe deminished by death, a"
,,IG-008,Appamattuck,group,Apomatacks,exact,1.0,1,group:1,"t Samuell Mathews to go vppon the Tanx Powhatans. To Cap' Nath: West vppon the Apomatacks, and Tanx Weyonaques. To Capt Wittm Tucker vppon the Nansamums, & Wariscoyacks"
,,IG-008,Appamattuck,group,Apamatucke,exact,1.0,1,place_homonym:1,and 3000 Acres Att Westower 500: Acres Claymed by Captaine ffrancis West Uppon Apamatucke River William flarrar 100 Acres ' Henry Milward 250 Charles Magnor 650 Samu
,,IG-011,Warraskoyack,group,Wariscoyack,exact,1.0,4,place_homonym:4,"uire and Comand Capt Raph Hamor, that he bring away all the people and goodé of Wariscoyack vpp to James Cittie, and to charge and Comiand all the said people to obey the"
,,IG-011,Warraskoyack,group,Wariseoyack,exact,1.0,2,place_homonym:2,"d Cap Roger Smith, to haue the orderinge, directing, and buildinge, the Fort at Wariseoyack. And giue him full power, and authoritie, to Comond, rule, and governe, all the"
,,IG-011,Warraskoyack,group,Warascoacke,exact,1.0,1,place_homonym:1,"do him iustice, The other that his people might be returned to his Plantaton at Warascoacke: The Court ordered that the Gouerno’ and"
,,IG-011,Warraskoyack,group,Warasquoak,exact,1.0,1,place_homonym:1,"oceedings therein and that they do not onely giue leaue to the repossessinge of Warasquoak, but further doe verie earnestly recofiiend the settlinge of his affaires and b"
,,IG-011,Warraskoyack,group,Wariscoyake,exact,1.0,1,place_homonym:1,"all y° Country and for the rest of the Plantatons as Newports News, Blunt poynt Wariscoyake Martins Hundred, Paspahey and all the Plantacons right ouer against Iames Citty"
,,IG-011,Warraskoyack,group,Wareskoyack,exact,1.0,1,place_homonym:1,"tryall. as he Called it ang ie “ - Capt Lawne at his arriuall seated himself in Wareskoyack Bay wth his the Indians Company, but by his owne syeknes and his peoples (where"
,,IG-011,Warraskoyack,group,Warresquiacke,exact,1.0,1,place_homonym:1,"erein some of Martins hundred people were placed, And also of 3 houses wherein Warresquiacke people were placed. Mé¢ that in the yeares 1619: 1620: 1621 there was 3560 or"
,,IG-011,Warraskoyack,group,Warrascoyacks,exact,1.0,1,group:1,"them in safety: and one Browne, who then to learne the language liued among the Warrascoyacks (a Prouince of that King) was in friendly manner sent backe by them to Captaine"
,,IG-011,Warraskoyack,group,Warrscovicke,exact,1.0,1,place_homonym:1,"n (through y° whole Colony) should be Imployed about the building of a fort. at Warrscovicke, vader the Comannd of capt Roger Sinith. hese ure therefore to requier & Comaun"
,,IG-011,Warraskoyack,group,Warasquiack,exact,1.0,1,place_homonym:1,omen & Children $in Virginia§ but 1240: aad exeept only the people remayning at Warasquiack wt! were but 3 households. Sinee wth tyme their letters make menéon of 5 or 600
,,IG-011,Warraskoyack,group,Waresquokes,exact,1.0,1,group:1,ur Tobaco and cornne with the helpe of Captn Smythe and otheres to goe upon the Waresquokes and Nansemomes to cute downe ther corne and put them to the sorde. God sende us
,,IG-011,Warraskoyack,group,Wariscoyacque,exact,1.0,1,place_homonym:1,"r Aduenturers at home present at the Court not knowing that Martyns Hundred and Wariscoyacque are inforeed (w'hout itt) to draw in old Planters, or els were in no sort to ma"
,,IG-011,Warraskoyack,group,Wariscoyacks,exact,1.0,1,group:1,"e Apomatacks, and Tanx Weyonaques. To Capt Wittm Tucker vppon the Nansamums, & Wariscoyacks. All wth fell vppon them on the same day namely the 23"" of July 1623. Aweek af"
,,IG-011,Warraskoyack,group,Warrasquoake,exact,1.0,1,place_homonym:1,"by pattent Capt W"" Pearcey & m' Jo Rolfe w'"" Some others 1700 Acres plan’ [74] Warrasquoake plantacon Cont: downe wards from Hogg Island xiiij""* miles, by y* River Side in"
,,IG-012,Nansemond,group,Nansemomes,exact,1.0,1,group:1,"rnne with the helpe of Captn Smythe and otheres to goe upon the Waresquokes and Nansemomes to cute downe ther corne and put them to the sorde. God sende us vyctrie, as we"
,,IG-012,Nansemond,group,Nansamums,exact,1.0,1,group:1,"West vppon the Apomatacks, and Tanx Weyonaques. To Capt Wittm Tucker vppon the Nansamums, & Wariscoyacks. All wth fell vppon them on the same day namely the 23"" of Jul"
,,IG-012,Nansemond,group,Nansamum,exact,1.0,1,group_or_homonym:1,"addison marched against the Great Weyonaques and Capt Tucker the second tine to Nansamum. Privy Counci,. Orper ror Pay to ATTENDING OFrricers Juty 19, 1623 Register o"
,,IG-013,Chesapeake,group,Cheskeak,exact,1.0,1,place_homonym:1,"was noe smale ioy to the whole cumpanie, and this night we came to an anker in Cheskeak baie the .29.daie we had a shroud storm and we endevored to waie anker and o° C"
,,IG-013,Chesapeake,group,Chesepiock,exact,1.0,1,place_homonym:1,"he Mountaines, which as they send diuers great Riuers Southward into our Bay of Chesepiock, so likewise doe they send others from their further side Northwestward into th"
,,IG-013,Chesapeake,group,Chesepiacke,exact,1.0,1,place_homonym:1,"equireth help and relief by way of trade for Corn into the River that fall into Chesepiacke Bay, Know yee that I do by these plsent@ authorise Captaine Raph Hamor to go Ca"
,,IG-013,Chesapeake,group,Chesipiack,exact,1.0,1,place_homonym:1,"her pmitt; to go for the Riuer of Pamunke, and any other Ruier w'tin the Bay of Chesipiack, and elsewhere, as he shall thinke fitt, wtin any part of the limite graunted b"
,,IG-013,Chesapeake,group,Chesepiocks,exact,1.0,1,group:1,"ed yeares: Is wt*in the Territories of Opichikano, it lyeth on the west side of Chesepiocks baye, whoe Comaundeth from the Southermost parte of the first Riuer, to the Sou"
,,IG-013,Chesapeake,group,Chesapieke,exact,1.0,1,place_homonym:1,"irst wynde & weather that god shall pmitt, & w't them to saile into the baye of Chesapieke, taking w™ him such men armes munition & puision, as hee the sd s' George shall"
,,IG-013,Chesapeake,group,Cheskacke,exact,1.0,1,place_homonym:1,"nge woulde tacke yt, but noi of the same. Soe thene the kinge with the kinge of Cheskacke, [ther] sonnes and all the great men weare drun[forn] howe manye we caiot wryte"
,,IG-013,Chesapeake,group,Chesapeack,exact,1.0,1,place_homonym:1,"for Corne w™ any Indians, either Easterne Shore, or win any part of the Bay of Chesapeack: as they will answer the eontrary at theire vttermost perill@. Given at James C"
,,IG-014,Accomac,group,Accomack,exact,1.0,1,place_homonym:1,"eis slaues, for when they Could not take the ship then o' men saw them threaten Accomack that is the next Plantaéon and nowe ther isno Way but starueing ffor the Gow?uo"
,,IG-015,Rappahannock,group,Rapahanocke,exact,1.0,1,group_or_homonym:1,"the sd s' George shall thinke fitt to appoint vnto him, And either in riuer of Rapahanocke, or in any other riuer vpon the westerne side of the sd baye, or vppon the sout"
,,IG-015,Rappahannock,group,Rapahanock,exact,1.0,1,group_or_homonym:1,"ne slew some others y' pved our enemies, And now is Capt Tucker in the River of Rapahanock to take revenge vppon them, as Confederates wt Apochankeno. In all w places we"
,,IG-016,Patawomeck,group,Patawamack,exact,1.0,5,group_or_homonym:4|group:1,[1] vpon hope of amendm*. In triall whereof he was yinploied as interpreto™ to Patawamack to trade for Corne. Captaine Ward in his shipp went to Monahigon in the No: Co
,,IG-016,Patawomeck,group,Patomack,exact,1.0,5,group:2|place_homonym:2|group_or_homonym:1,"by Lieutenant Marmaduke Parkinson, and other English Gentlemen, vp the Riuer of Patomack they saw a China Boxe at one of the Kings houses where they were: Being demande"
,,IG-016,Patawomeck,group,Patomeck,exact,1.0,4,group_or_homonym:2|place_homonym:2,"t parte of the first Riuer, to the Southermost parte of the fourth Riuer called Patomeck w*"" lyeth Northnext hand to ot Riuer some 50 leages in"
,,IG-016,Patawomeck,group,Patomacks,exact,1.0,3,group:3,"is required that in the cariage of himself and his people, as well toward¢ the Patomacks our confederate, as also against the other Salvages theires and our enemies, he"
,,IG-016,Patawomeck,group,Potomack,exact,1.0,2,group_or_homonym:1|place_homonym:1,"ptaine Isack Madeson, w'* the first wind and oportunity to go into the Riuer of Potomack, there to remaine; and asist the king of Patomack, against his and our enemies,"
,,IG-016,Patawomeck,group,Patomecks,exact,1.0,2,group:2,e att al] On the Norther The keepinge of them from tradeinge most side the th Patomecks and w ite Easterne shore pdu ceth two Soneanlly the ventinge of much other Hann
,,IG-016,Patawomeck,group,Patomecke,exact,1.0,1,group:1,"nge of certen Indians, burninge of their Townes, the ioyninge with the Kinge of Patomecke against Opachankano Cap: Maddison sent vnto him with 30: English, the insolent"
,,IG-016,Patawomeck,group,Patowamach,exact,1.0,1,group_or_homonym:1,rn: Extreme feare of the Spaniards: Want of all things. Ships sent to the K. of Patowamach. Voiage to Opuchankeno. Pooles villanie. { The 4. Burrough & publique land set
,,IG-016,Patawomeck,group,Patowamack,exact,1.0,1,group_or_homonym:1,"wance Powhawtan in his annuall progress through his pettye provinces cofiing to Patowamack, was there as in other places intertained with the greatest honnor that Nation"
,,IG-016,Patawomeck,group,Pataomeek,exact,1.0,1,group_or_homonym:1,"he like did Cypt madisone at Patomeck, Capt? [lamer a seconde tyme vinplovde to Pataomeek for Corne slew some others y' pved our enemies, And now is Capt Tucker in the R"
,,IG-016,Patawomeck,group,Patomeche,exact,1.0,1,group:1,"taught them how le bee trecherous by our false dealinge with the poore kinge of Patomeche that had alwayes beene faythfull to the English, whose people was killed hee an"
,,IG-016,Patawomeck,group,Potomacke,exact,1.0,1,place_homonym:1,"ryting but onlve this. The 22 of Maye Captin Tucker was sente with 12 men in to Potomacke Ryver to feche som of our Engleshe which the Indianes detayned, and withall in"
,,IG-016,Patawomeck,group,Potomak,exact,1.0,1,group_or_homonym:1,"ndinge y* Gou'nor as soone as our Corne was ripe, sett forwarde to the River of Potomak to settle the trade wth out freends, and to revenge the trecherie of y"" Pascoti"
,,IG-018,Chiskiack,group,Chischiack,exact,1.0,1,group:1,"es. Besides, if that company intende (as I doe heare) to buy out the Indians of Chischiack, those twoe worthy gentlemen might perhaps speed a great deale better by chusin"
,,IG-018,Chiskiack,group,Kiskiek,exact,1.0,1,group:1,"they would faine have peace, Conditionallie, that they may haue their Corne at Kiskiek, and Pamaunkok, that is Just at our backe, and when their Corne is readie, haue"
,,IG-020,Monacan,group,Monocon,exact,1.0,1,group:1,"éon w'h Pohaton hath hitherto engrossed and partely for feare of Constrainte. Monocon to the east and head of our Riuer, Powhatons enemy and the Monecon Manahockes t"
,,IG-020,Monacan,group,Monecon,exact,1.0,1,group:1,"onstrainte. Monocon to the east and head of our Riuer, Powhatons enemy and the Monecon Manahockes to y* Northeast to the head of the Riuer of Moyompo in the — «reer n"
,,IG-020,Monacan,group,Monecans,exact,1.0,1,group:1,"R te indeede are able, for they haue but grounde Cleared for their owne use. — Monecans are their enymies, ffirst o” assurance of Corne att al] On the Norther The kee"
,,IG-020,Monacan,group,Monakins,exact,1.0,1,group:1,"708 RECORDS OF THE VIRGINIA COMPANY latitude, In longitude it extendeth to y? Monakins Countrie next hand west and west and by North of equall length w** the latytude"
,,IG-021,Mannahoac,group,Manahockes,exact,1.0,1,group:1,"te. Monocon to the east and head of our Riuer, Powhatons enemy and the Monecon Manahockes to y* Northeast to the head of the Riuer of Moyompo in the — «reer necke of the"
,,IG-022,Massawomeck,group,Masawoymekes,exact,1.0,1,group:1,lso his enemy to the Southeast and South. he hath no freinde to the North. The Masawoymekes make {ees ]ti continuall incursions vppon him and and vppon all those that
,,IG-026,Chowanoke,group,Choanocki,exact,1.0,1,place_homonym:1,"s a towne called Ohonahoen, chiet Ghonehorn Ohonahorn seated where the Riuer of Choanocki devideth***® ; it self into three braunches and falleth into the sea of Rawnoc"
,,IP-002,Opechancanough,person,Opachankano,exact,1.0,15,person:15,them & feare of hard vsage by the English vnlesse it might be by a Treaty with Opachankano the Kinge w Treaty was appointed to be that Sumer wherein he would not faile to
,,IP-002,Opechancanough,person,Opochancano,exact,1.0,6,person:6,"MATT aE! oo 405 Earles ollowers and spred ou9 Virginia and even to Opochancano himselfe that the Earle would com shortly ouer in psonn to be their Gouerno"", A"
,,IP-002,Opechancanough,person,Apochancono,exact,1.0,4,person:4,"e Armes, gaue stratght Charge vt watel & warde should bee kept every where, But Apochancono, earnestly denying? yo plott, and noe aparant proofe brought in, evr people by"
,,IP-002,Opechancanough,person,Opachancano,exact,1.0,3,person:3,"l grounded the ayd reqvired to be verye small and not of Consequence enough for Opachancano to put any trecherous disaster vpon, this y? onely way to obliege Opachancano w"
,,IP-002,Opechancanough,person,Opichankanoe,exact,1.0,3,person:3,Julye and August may scoure the Baye and keepe the Rivers y' are belonginge to Opichankanoe.
,,IP-002,Opechancanough,person,Opichankano,exact,1.0,3,person:3,ECORDS OF THE VIRGINIA COMPANY Powhatanes Couutrey who together wt his Brother Opichankano plotted when 8° G. Yardly eame thither to breake the league betweene vs & the
,,IP-002,Opechancanough,person,Opachankeno,exact,1.0,2,person:2,"course I could devise herein to draw the people in to live amongst vs, was that Opachankeno would apoynt and Cuse out somany p * * * families, as that in every Corporation"
,,IP-002,Opechancanough,person,Opochaneano,exact,1.0,2,person:2,"ert Poole, Interpreter, what conference had passed between the said Spelman and Opochaneano at Poole’s meeting with him in Opochancano’s courte. Poole chardgeth him he spa"
,,IP-002,Opechancanough,person,Apochankano,exact,1.0,2,person:2,", both to the great Kinge Sasawpen ! formerly called Ocatan, and to his Brother Apochankano now Mangopeesomon, whom he founde much satisfied w his cominge, though they wer"
,,IP-002,Opechancanough,person,Apochankeno,exact,1.0,2,person:2,"nes or wayes, fro the Indians ther Inhabitinge, as subiects or Confiderates w'"" Apochankeno, or as thoes whoe had ther hands in the Cruell & treacherous murdering of 07 pe"
,,IP-002,Opechancanough,person,Opochankino,exact,1.0,1,person:1,"illman who thought to deprave y° Gou9nor of his Authoritie by his instigaton to Opochankino, of a great man y’ should com and putt him out of his place, The said Gouernor"
,,IP-002,Opechancanough,person,Oppachancano,exact,1.0,1,person:1,"aboue it, will Strengthen it. Great plenty & peace That he sent Tomakin to tell Oppachancano of his arrival & he came to James Town reéd a present w great joy. Tomakin rail"
,,IP-002,Opechancanough,person,Opochancano’s,exact,1.0,1,person:1,passed between the said Spelman and Opochaneano at Poole’s meeting with him in Opochancano’s courte. Poole chardgeth him he spake very unreverently and maliciously against
,,IP-002,Opechancanough,person,Opachancamo,exact,1.0,1,person:1,"cke wt"" the fethers at Charles hundredth y* 25 of october: as from the parte of Opachancamo who by the mouthe of the same Indian reqvired from the governor some 8 or tenn"
,,IP-002,Opechancanough,person,Opachaneano,exact,1.0,1,person:1,or y° plsent might wine amity and Confidence from Jtoyatin the great Kinge from Opachaneano his brother and lickwisse from their subiect¢ of these thre riuere of Ronoake P
,,IP-002,Opechancanough,person,Opaihankano,exact,1.0,1,person:1,"les into the riu9, and wee hasting vpp wth o° shallopp, the messengers were wth Opaihankano, before or asone as any newes came to him eyther of the shipps or o° arriuall,"
,,IP-002,Opechancanough,person,Opuchankeno,exact,1.0,1,person:1,he Spaniards: Want of all things. Ships sent to the K. of Patowamach. Voiage to Opuchankeno. Pooles villanie. { The 4. Burrough & publique land set out. h Joy and good suc
,,IP-002,Opechancanough,person,Opochancanough,exact,1.0,1,person:1,"e quite of another opinion. For bringing the Kinges picture as a messenger from Opochancanough, we counted him a publique, and as it were a neutral person, and so for not dis"
,,IP-002,Opechancanough,person,Opoechancanough,exact,1.0,1,person:1,"d him a publique, and as it were a neutral person, and so for not discontenting Opoechancanough, w'* whom nowe we stand in termes of reconciliation, we thought if no wayes con"
,,IP-002,Opechancanough,person,Mangopeesomon,exact,1.0,1,person:1,"eat Kinge Sasawpen ! formerly called Ocatan, and to his Brother Apochankano now Mangopeesomon, whom he founde much satisfied w his cominge, though they were before as they C"
,,IP-002,Opechancanough,person,Opichikano,exact,1.0,1,person:1,"and fitt to be settled on for many hundred yeares: Is wt*in the Territories of Opichikano, it lyeth on the west side of Chesepiocks baye, whoe Comaundeth from the Southe"
,,IP-002,Opechancanough,person,Opichankanos,exact,1.0,1,person:1,"o have appointed him by his Ma**s Counsell and Companie two seates the first in Opichankanos Island in Pamaunkey river, beinge in the parte of the most of the 32 Sheires."
,,IP-002,Opechancanough,person,Apochaukeno,exact,1.0,1,person:1,"lves doc affirme, yt notiee beeinge given by the Ninge of the Fasterne shore of Apochaukeno his plott, at the takinge vpp of Powhatans bones at we? Ceremony great numbers"
,,IP-002,Opechancanough,person,Apochancon,exact,1.0,1,person:1,"s yt might appere y' Nenemachanew had noe hande in theire deaths w*t was all y* Apochancon[o] required and ther vppon sent oute as he fainde to search for y° bodies, and"
,,IP-002,Opechancanough,person,Appochankano,exact,1.0,1,person:1,"to accompanie him, in the shallops into Pamunckey Ryuer, neere to the seate of Appochankano. And for the better manageing of his Imployment & for the redressing of all dis"
,,IP-002,Opechancanough,person,Apochanzion,exact,1.0,1,person:1,"dianes detayned, and withall in culler to conclude a pease with the great Kinge Apochanzion; soe the interpreter which was sente by Jande with an Indian with hime to bring"
,,IP-002,Opechancanough,person,Opechanekano,exact,1.0,1,person:1,ther vnlawfull meanes &c&. more to this effect. 19 $English§ psons retayned by Opechanekano in great slauery. Idem eidem 2 March] very much to y* poynt aforesayd: describ
,,IP-002,Opechancanough,person,Opachankan,exact,1.0,1,person:1,"d Complaynant! conive,! and Complaint bing! thereof made to the said Defend' by Opachankan, whoe also was Complayned vnto by the Kinge one the Eastren shore to whom those"
,,IP-003,Opitchapam (Sasawpen),person,Jtoyatin,exact,1.0,1,person:1,lastly this Cworse at least for y° plsent might wine amity and Confidence from Jtoyatin the great Kinge from Opachaneano his brother and lickwisse from their subiect¢
,,IP-003,Opitchapam (Sasawpen),person,Sasawpen,exact,1.0,1,person:1,"ounsell, sende Capt Thorpe w* A Message and a presente, both to the great Kinge Sasawpen ! formerly called Ocatan, and to his Brother Apochankano now Mangopeesomon, who"
,,IP-003,Opitchapam (Sasawpen),person,Sacawpen,exact,1.0,1,person:1,"offer of the pffitts of his Tenante, yt was in you' pleasure soe to doe, 1Or “Sacawpen.”"
,,IP-003,Opitchapam (Sasawpen),person,Sansapen,exact,1.0,1,person:1,"de expeditione vppon the nancemunds, Warescovke & Pawininkie y? Chiefe seate of Sansapen & apochankeno, Capt John West vppom the Tanx Powhatans, and Capt? William Powel"
,,IP-003,Opitchapam (Sasawpen),person,Otiotan,exact,1.0,1,person:1,"lawfull favor Yt hath pleased God this yeere to give us a greate Vietorie over Otiotan & y° Pomunkeys, with theire Confederates, by a hand full, beinge in all not abo"
,,IP-005,Nemattanew (Jack of the Feathers),person,Nenemachanew,exact,1.0,3,person:3,"JANUARY 20, 1622/8 1 was it to be imagined yt vppon y® death of Nenemachanew, a man soe farr owt of the favor of Apochancono yt he sent worde to Sr. George"
,,IP-005,Nemattanew (Jack of the Feathers),person,Nenemathanewes,exact,1.0,1,person:1,re given; to be secure in an oecaéon of so great suspition and iealousie as was Nenemathanewes death; not to peeiue any thing in so opne and generall conspiracie; but to be m
,,IP-006,Chanco,person,Chauco,exact,1.0,1,person:1,"red, who accordinge to order were sent vp to James Cyttie, one of which Called (Chauco) who had lived much amost the English, and by revealinge yt pl[ot] To divers vp"
,,IP-007,Japazaws,person,Japazous,exact,1.0,1,person:1,"erm', and knoweth (none better) these defect¢. About the begynnyng of Septemb' Japazous (the King of Patawamack@ brother) cames to James Cyty to the Governo’. Amongst"
,,IP-007,Japazaws,person,Japasons,exact,1.0,1,person:1,"ynning of Decemb' Capt Ward w** his shipp and the frigate came from Patawamack. Japasons hadd dealt falsely wth thein, for they could gett little trade, so that they br"
,,IP-007,Japazaws,person,Jupasons,exact,1.0,1,person:1,"brought not aboue 800 bushelle, + the most pte whereof they tooke by force from Jupasons Country who deceyued them, and a smale quantyty they traded for. But in conclus"
,,IP-007,Japazaws,person,Japazons,exact,1.0,1,person:1,"the oth? Indyans, at their departure they T also made a firme peace againe wth Japazons. At this tyme also came Captaine Woodiff in a smale shipp of Bristow, who brou"
,,IP-009,Uttamatomakkin (Tomocomo),person,Tomakin,exact,1.0,3,person:3,"rmudas 40 miles aboue it, will Strengthen it. Great plenty & peace That he sent Tomakin to tell Oppachancano of his arrival & he came to James Town reéd a present w gr"
,,weroance,weroance,title,Weroances,exact,1.0,5,title:5,Small fortes Cape comforte Watches Catle kept heardes Powhaton Weroances Tributary 18 RECORDS OF THE VIRGINIA COMPANY it for fortes haue no other vse
,,weroance,weroance,title,Weroance,exact,1.0,1,title:1,"st betweene our bay and the sea. Catheata-Catheatapeins. peitis [185] a greater Weroance then he is, also his enemy to the Southeast and South. he hath no freinde to t"
,,weroance,weroance,title,Werowance,exact,1.0,1,title:1,e now report this vato you w® I haue noted amoungest theis Savadges. The greate Werowance Powhawtan in his annuall progress through his pettye provinces cofiing to Patow
