place_id,preferred_name,place_type,world_region,aliases,period_relevance,matching_policy,source_title,source_url,notes
NW-001,Virginia,colony/region,New World,"Virginia|Virginea|Vireinta|Vircinia|Vireinia|Virginta|Virarnta|Vircinta|Virgynia|Virointa|Virornta|Virsinia|Virainta|Virainia",1606-1624,ambiguous_contextual,The Virginia Company of London,https://www.nps.gov/jame/learn/historyculture/the-virginia-company-of-london.htm,"The colony and the larger region; do not treat every occurrence as a location without context."
NW-002,Jamestown,settlement,New World,"Jamestown|James Towne|James Town|James Towne Island|Jamestown Island|Iames Towne|Janes Town|Tames Towne|James Fort|James forte",1607-1624,high_confidence_alias,The Virginia Company of London,https://www.nps.gov/jame/learn/historyculture/a-short-history-of-jamestown.htm,"Primary London Company settlement."
NW-003,James City,shire/settlement,New World,"James City|James Citty|James Cittie|James City Shire|Iames Citty|Iames Cittie|Jaines Cittie|Jains Cittie|Janes Cittie|Janes City|Tames Citty|Tames City",1619-1624,high_confidence_alias,County Formation during the Colonial Period,https://encyclopediavirginia.org/entries/county-formation-during-the-colonial-period/,"Historical shire/settlement name; keep distinct from Jamestown."
NW-004,James River,river,New World,"James River|James his River|Jameses River|Iames Riuer|James Riuer|King James River|Kinges Riuer|Kings river",1607-1624,high_confidence_alias,Growth and Settlement Beyond Jamestown,https://www.nps.gov/jame/learn/historyculture/growth-and-settlement-beyond-jamestown.htm,"Also historically called Powhatan River in some records."
NW-005,Chesapeake Bay,bay,New World,"Chesapeake Bay|Chesapeak Bay|Bay of Chesapeake|Bay of Chesepiock|Bay of Chesipiack|Chesepiacke Bay|Bay of Chesapeack",1607-1624,high_confidence_alias,Virginia: Colonial National Historical Park,https://home.nps.gov/articles/colonial.htm,"Landing and navigation context."
NW-006,Cape Henry,cape,New World,"Cape Henry|Cape Henrie",1607,high_confidence_alias,History & Culture - Cape Henry Memorial,https://home.nps.gov/came/learn/historyculture/index.htm,"First landing site of the 1607 expedition."
NW-007,Cape Charles,cape,New World,"Cape Charles",1608-1624,high_confidence_alias,CAJO Significance Statement,https://www.nps.gov/cajo/getinvolved/upload/SignificanceStatement-2.pdf,"Named in the Chesapeake voyage itinerary."
NW-007A,Cape Cod,cape/region/place-derived phrase,New World,"Cape Cod|Cape Code|Cape Codd|Cape Codde|Cape Cod-fish|Cape Codd-fish|Cape Cod fish",1606-1624,high_confidence_alias,1600 to 1609 - Virginia Records Timeline,https://www.loc.gov/collections/thomas-jefferson-papers/articles-and-essays/virginia-records-timeline-1553-to-1743/1600-to-1609/,"Geographical place in the northern Virginia/Plymouth Company sphere; includes OCR variants and the place-derived phrase Cape Cod-fish."
NW-008,Hampton Roads,waterway,New World,"Hampton Roads|Hampton Roades",1607-1624,high_confidence_alias,Growth and Settlement Beyond Jamestown,https://www.nps.gov/jame/learn/historyculture/growth-and-settlement-beyond-jamestown.htm,"Early settlement and navigation area."
NW-009,Point Comfort,point,New World,"Point Comfort|Cape Comfort|Old Point Comfort|Cape Comforte|Point Comforte",1607-1624,high_confidence_alias,Fort Monroe Foundation Document,https://www.nps.gov/fomr/learn/management/upload/FOMR_FD_2015-3.pdf,"The record may use Cape Comfort for the same location."
NW-010,Henricus,settlement,New World,"Henricus|Henrico|City of Henricus|Henrico City|Henerico",1611-1624,high_confidence_alias,Growth and Settlement Beyond Jamestown,https://www.nps.gov/jame/learn/historyculture/growth-and-settlement-beyond-jamestown.htm,"Early settlement founded by Thomas Dale."
NW-011,Charles City,shire/settlement,New World,"Charles City|Charles Citty|Charles City Shire|Charles Cittie",1619-1624,high_confidence_alias,County Formation during the Colonial Period,https://encyclopediavirginia.org/entries/county-formation-during-the-colonial-period/,"Historical shire name."
NW-012,Elizabeth City,shire/settlement,New World,"Elizabeth City|Elizabeth Citty|Kecoughtan|Keghoughtan|Elizabeth Cittie|Ehzabeth City|Elsabeth Citty|Elzabeth Citty|Llzabeth citty|Kiccowtan|Kicotan|Kiquotan|Keyeotan|Kicoughtan|Kiecowtan",1619-1624,high_confidence_alias,County Formation during the Colonial Period,https://encyclopediavirginia.org/entries/county-formation-during-the-colonial-period/,"Elizabeth City was associated with the earlier Kecoughtan name."
NW-013,Warwick River,shire/river,New World,"Warwick River|Warwicke River",1619-1624,high_confidence_alias,County Formation during the Colonial Period,https://encyclopediavirginia.org/entries/county-formation-during-the-colonial-period/,"Historical shire/river name."
NW-014,Warrosquyoake,shire/settlement,New World,"Warrosquyoake|Warraskoyack|Warrosquoyacke|Warrasquoyack|Warrasquoake plantacon|Wareskoyack Bay",1619-1624,high_confidence_alias,County Formation during the Colonial Period,https://encyclopediavirginia.org/entries/county-formation-during-the-colonial-period/,"Later associated with Isle of Wight; preserve observed historical forms."
NW-015,Charles River,river/shire,New World,"Charles River",1619-1624,high_confidence_alias,County Formation during the Colonial Period,https://encyclopediavirginia.org/entries/county-formation-during-the-colonial-period/,"Historical shire name later associated with York County."
NW-016,Accawmack,shire/region,New World,"Accawmack|Accowmack|Accomack|Accomacke|Accawmacke",1619-1624,high_confidence_alias,County Formation during the Colonial Period,https://encyclopediavirginia.org/entries/county-formation-during-the-colonial-period/,"Eastern Shore place; preserve both historical and later forms."
NW-017,Nansemond River,river/region,New World,"Nansemond River|Nansemond",1609-1624,contextual_alias,Growth and Settlement Beyond Jamestown,https://www.nps.gov/jame/learn/historyculture/growth-and-settlement-beyond-jamestown.htm,"Bare Nansemond may be a people/group reference; require context."
NW-018,York River,river,New World,"York River|Yorke River",1607-1624,high_confidence_alias,CAJO Significance Statement,https://www.nps.gov/cajo/getinvolved/upload/SignificanceStatement-2.pdf,"Include only as a place candidate; York alone remains ambiguous."
NW-019,Appomattox River,river,New World,"Appomattox River|Appamattox River|Apamatuck River|Apomattucke River|Apamatucke River",1607-1624,contextual_alias,Growth and Settlement Beyond Jamestown,https://www.nps.gov/jame/learn/historyculture/growth-and-settlement-beyond-jamestown.htm,"Historical spellings may be highly variable."
NW-020,Bermuda / Somers Islands,island group,New World,"Bermuda|Somers Islands|Somers Isles|Summer Islands|Bermoodes|Sumer Iland|Somer Island|Summer Island|Somer Iland|Sufier Iland|Summer Iland|Suffer Iland|Sofier Iland|Sofier Island|Soier Island|Soiier Island|Soiner Island|Sommer Iland|Sommer Island|Sonier Island|Sufer Iland|Suiier Iland|Sumer Island|Sufier Ilands Plantation",1609-1624,contextual_alias,The Virginia Company of London,https://www.nps.gov/jame/learn/historyculture/the-virginia-company-of-london.htm,"Keep separate as a place; Somers/Summers can also be a surname."
NW-021,Flowerdew Hundred,plantation/hundred,New World,"Flowerdew Hundred|Flower dewe Hundred|Flowerdew's Hundred|Flowerdieu Hundred|Flourdieu Hundred|Flouredieu hundred|Flowerdei hundred|Flowerdien Hundred",1618-1624,high_confidence_alias,Growth and Settlement Beyond Jamestown,https://www.nps.gov/jame/learn/historyculture/growth-and-settlement-beyond-jamestown.htm,"Particular plantation on the James."
NW-022,West and Shirley Hundred,hundred/plantation,New World,"West and Shirley Hundred|West Hundred|Shirley Hundred|West & Shirley Hundred|Sherley hundred",1613-1624,high_confidence_alias,Growth and Settlement Beyond Jamestown,https://www.nps.gov/jame/learn/historyculture/growth-and-settlement-beyond-jamestown.htm,"Preserve the component names as aliases, but retain one place authority entry."
NW-023,Bermuda Hundred,hundred/plantation,New World,"Bermuda Hundred|Bermuda Nether Hundred|Bermuda Upper Hundred|Bermuda hund",1613-1624,high_confidence_alias,Growth and Settlement Beyond Jamestown,https://www.nps.gov/jame/learn/historyculture/growth-and-settlement-beyond-jamestown.htm,"Distinct from the Somers Islands/Bermuda island group."
NW-024,Jordan's Journey,plantation/hundred,New World,"Jordan's Journey|Jordans Journey|Jordans Jorney|Jordan's Jorney",1610s-1624,high_confidence_alias,Colonial Williamsburg Archaeological Reports,https://www.nps.gov/parkhistory/online_books/pete/horning.pdf,"Particular plantation/place name."
NW-025,Peirsey's Hundred,plantation/hundred,New World,"Peirsey's Hundred|Piersey's Hundred|Peirsey's Hund red|Pierseys Hundred|Perseys hundred",1610s-1624,high_confidence_alias,Colonial Williamsburg Archaeological Reports,https://www.nps.gov/parkhistory/online_books/pete/horning.pdf,"OCR and spelling variants retained."
NW-026,City Point,settlement/point,New World,"City Point|Citty Point",1610s-1624,high_confidence_alias,Colonial Williamsburg Archaeological Reports,https://www.nps.gov/parkhistory/online_books/pete/horning.pdf,"Early James River settlement."
NW-027,Neck of Land,settlement/tract,New World,"Neck of Land|Neck of the Land",1610s-1624,high_confidence_alias,Colonial Williamsburg Archaeological Reports,https://www.nps.gov/parkhistory/online_books/pete/horning.pdf,"Historical settlement/tract description."
NW-028,Roanoke Island,island/settlement,New World,"Roanoke Island|Roanoke",1585-1624,contextual_alias,Chronology of Jamestown Events,https://home.nps.gov/jame/learn/historyculture/chronology-of-jamestown-events.htm,"Roanoke alone may be a place or a person/surname; require context."
NW-029,Sagadahoc,settlement/region,New World,"Sagadahoc|Sagadahock|Popham Colony|Kennebec River",1607-1608,high_confidence_alias,Colonial Williamsburg Archaeological Reports,https://www.nps.gov/parkhistory/online_books/pete/horning.pdf,"Plymouth Company settlement in present-day Maine."
NW-030,Tsenacomoco,region/polity,New World,"Tsenacomoco|Tsenacommacah|Powhatan Country|Powhatan's Country|Powhatanes Country",1607-1624,contextual_alias,Chronology of Jamestown Events,https://home.nps.gov/jame/learn/historyculture/chronology-of-jamestown-events.htm,"A polity/region, not automatically the person Powhatan or the Powhatan people."
NW-031,Werowocomoco,settlement,New World,"Werowocomoco|Werowocomoco Town|Werowacomoco",1607-1608,high_confidence_alias,CAJO Significance Statement,https://www.nps.gov/cajo/getinvolved/upload/SignificanceStatement-2.pdf,"Powhatan-associated settlement."
NW-032,Southampton Hundred,plantation/hundred,New World,"Southampton Hundred|Southampton Hund|Southampton-Hundred|Southampton Plantation|Southton Hundred|Sowthampton hundred|Suthamptone hundred|Smiths hundred|Smythes Hundred|Smythe’s Hundred|Smythe's Hundred|Smyths Hundred|Smithe Hundred|Smyth hundred|Smythe hundred|Sniyths hundred|Smith’s Hundred",1618-1624,high_confidence_alias,The Records of the Virginia Company of London,https://virtualjamestown.org/,"Virginia particular plantation of the Southampton Society; distinct from the English port and from the Earl of Southampton."
NW-033,Southampton River,river,New World,"Southampton River|Southampton Riuer|Southampton Ryver",1618-1624,high_confidence_alias,The Records of the Virginia Company of London,https://virtualjamestown.org/,"Virginia river named in the records as bordering Southampton Hundred."
OW-001,London,city,Old World,"London|City of London|Cittie of Lendon|Cittie of Lon|Cittie of Loudon|City of Londou|City of Loudon|Londen",1606-1624,ambiguous_contextual,Second Charter of Virginia (1609),https://encyclopediavirginia.org/primary-documents/second-charter-of-virginia-1609/,"Company headquarters and court setting; London alone remains a contextual place candidate."
OW-002,Philpott Lane,lane,Old World,"Philpott Lane|Philpot Lane",1606-1624,high_confidence_alias,The Records of the Virginia Company of London Court Book,https://virtualjamestown.org/exist/cocoon/jamestown/virgco/b000451042,"Court meetings were held at members' houses in Philpott Lane."
OW-003,St Swithin's Lane,lane,Old World,"St. Swithin's Lane|St Swithin's Lane|St. Sithes Lane|St Sithes Lane|St. Sythes Lane",1606-1624,high_confidence_alias,The Records of the Virginia Company of London Court Book,https://virtualjamestown.org/exist/cocoon/jamestown/virgco/b000451042,"OCR commonly corrupts Swithin's/Sithes."
OW-004,Westminster,city/district,Old World,"Westminster|Westmynster",1606-1624,contextual_alias,The Virginia Company of London (Craven),https://www.gutenberg.org/cache/epub/28555/pg28555-images.html,"Company courts followed the terms of the King's courts at Westminster."
OW-005,Bristol,city,Old World,"Bristol|Brystol|Bristoll|City of Bristoll|Cittie of Bristoll",1606-1624,high_confidence_alias,Second Charter of Virginia (1609),https://encyclopediavirginia.org/primary-documents/second-charter-of-virginia-1609/,"One of the cities associated with the Second Colony/Plymouth Company."
OW-006,Exeter,city,Old World,"Exeter|Exetter",1606-1624,high_confidence_alias,Second Charter of Virginia (1609),https://encyclopediavirginia.org/primary-documents/second-charter-of-virginia-1609/,"One of the cities associated with the Second Colony/Plymouth Company."
OW-007,Plymouth,city,Old World,"Plymouth|Plimouth|Plymoth",1606-1624,ambiguous_contextual,Second Charter of Virginia (1609),https://encyclopediavirginia.org/primary-documents/second-charter-of-virginia-1609/,"Plymouth Company/Second Colony; place candidate requires context."
OW-008,Southampton,city/port,Old World,"Southampton|Southampton Port",1606-1624,ambiguous_contextual,The Records of the Virginia Company of London,https://virtualjamestown.org/exist/cocoon/jamestown/virgco/b000451042,"Important company and shipping context; can also occur in a person's title/name context."
OW-009,Isle of Wight,island,Old World,"Isle of Wight|Isle of Wight Island|Ile of Wight|Isle of Waight",1606-1624,high_confidence_alias,County Formation during the Colonial Period,https://encyclopediavirginia.org/entries/county-formation-during-the-colonial-period/,"English island and later Virginia county name; use page context."
OW-010,Gravesend,port/town,Old World,"Gravesend|Graves-end",1606-1624,contextual_alias,Virginia Company voyage and shipping sources,https://www.nps.gov/jame/learn/historyculture/the-virginia-company-of-london.htm,"Embarkation/shipping context; verify against the record context."
OW-011,England,kingdom,Old World,"England|Englande|Ingland|Anglia|Eneland|Mngland",1606-1624,ambiguous_contextual,First Charter of Virginia,https://www.loc.gov/resource/gdcmassbookdig.chartersofolden00luca/,"Country/kingdom reference, not a town or city."
OW-012,France,kingdom,Old World,"France|Fraunce",1606-1624,ambiguous_contextual,First Charter of Virginia,https://www.loc.gov/resource/gdcmassbookdig.chartersofolden00luca/,"Geopolitical place reference; include only when context identifies the country."
OW-013,Spain,kingdom,Old World,"Spain|Spaine|Spayne",1606-1624,ambiguous_contextual,The Virginia Company of London,https://www.nps.gov/jame/learn/historyculture/the-virginia-company-of-london.htm,"Geopolitical place reference; include only when context identifies the country."
NW-034,Martin's Hundred,plantation/hundred,New World,"Martin's Hundred|Martins Hundred|Martin’s Hundred|Martine Hundred|Martyns Hundred|Martynes Hundred",1606-1624,high_confidence_alias,The Records of the Virginia Company of London (corpus discovery),,"Particular plantation of the Society of Martin's Hundred, named for Richard Martin; on the James below Jamestown."
NW-035,Wolstenholme Towne,settlement,New World,"Wolstenholme Towne|Wolster-Holmes Towne",1606-1624,high_confidence_alias,The Records of the Virginia Company of London (corpus discovery),,"Chief settlement of Martin's Hundred, named for Sir John Wolstenholme."
NW-036,Martin's Brandon,plantation,New World,"Martin's Brandon|Captain John Martin’s plantation|Captaine Martins Plantation|John Martin’s Plantation|Martins Plantation",1606-1624,high_confidence_alias,The Records of the Virginia Company of London (corpus discovery),,"Captain John Martin's patented plantation (distinct from Martin's Hundred); the 'Capt: Martins Plantation' of the records."
NW-037,Berkeley Hundred,plantation/hundred,New World,"Berkeley Hundred|Berkley Hundred|Berkleys Hundred|Berkley’s Plantation|Captaine Berckleys Plantation|Bartley Hundred|Bartlett Hundred",1606-1624,high_confidence_alias,The Records of the Virginia Company of London (corpus discovery),,"Plantation of Berkeley, Thorpe, Throckmorton and Smyth of Nibley (1619). 'Bartley'/'Bartlett' Hundred appear in the same Roe/Smyth context and index entries."
NW-038,Charles Hundred,hundred,New World,"Charles Hundred",1606-1624,high_confidence_alias,The Records of the Virginia Company of London (corpus discovery),,"Hundred named in the records (e.g. 'Samuell Jordan of Charles Hundred')."
NW-039,Bermuda City,settlement,New World,"Bermuda City",1606-1624,high_confidence_alias,The Records of the Virginia Company of London (corpus discovery),,"Dale's 1613 town at the Bermuda Hundred settlements; later absorbed into the Charles City corporation. Kept separate pending review."
NW-040,Digges Hundred,hundred,New World,"Digges Hundred|Diggs Hundred",1606-1624,high_confidence_alias,The Records of the Virginia Company of London (corpus discovery),,"Hundred named for Sir Dudley Digges ('Diggs his Hundred')."
NW-041,Argall's Town,settlement,New World,"Argall's Town|Argall Town|Argall Towne|Argall’s towne|Argal’s towne",1606-1624,high_confidence_alias,The Records of the Virginia Company of London (corpus discovery),,"Argall's Gift / Argall Town, laid out by Governor Samuel Argall near Jamestown (1617)."
NW-042,Maydes Towne,proposed town,New World,"Maydes Towne|Mayds Towne",1606-1624,high_confidence_alias,The Records of the Virginia Company of London (corpus discovery),,"Town the adventurers for the maids asked to have 'called by the name of Maydes Towne' (1621)."
NW-043,Isle of Wight Plantation,plantation,New World,"Isle of Wight Plantation|Wight Plantation|Wight Plantaéon|Lawnes’ hundred|Lawnes Hundred|Captain Lawne’s plantation",1606-1624,high_confidence_alias,The Records of the Virginia Company of London (corpus discovery),,"Christopher Lawne's 1619 plantation at Lawne's Creek, continued by his associates as the Isle of Wight Plantation (not West and Shirley Hundred, despite the spelling match)."
NW-044,Bennett's Plantation,plantation,New World,"Bennett's Plantation|Edward Bennets Plantation",1606-1624,high_confidence_alias,The Records of the Virginia Company of London (corpus discovery),,"Edward Bennett's plantation at Warrosquyoake (1621)."
NW-045,Smith's Island,island,New World,"Smith's Island|Smiths Iland|Smyths Iland",1606-1624,high_confidence_alias,The Records of the Virginia Company of London (corpus discovery),,"Smith's Isles off Cape Charles, site of the Eastern Shore salt works ('Salt workes ... in Smiths Iland')."
NW-046,Mulberry Island,island,New World,"Mulberry Island|Mulbery Iland",1606-1624,high_confidence_alias,The Records of the Virginia Company of London (corpus discovery),,"Mulberry Island on the James at the mouth of the Warwick River."
NW-047,Hog Island,island,New World,"Hog Island|Hogg Island|Hogg Iland|Hoge Island",1606-1624,high_confidence_alias,The Records of the Virginia Company of London (corpus discovery),,"Hog Island on the James opposite Jamestown."
NW-048,Blunt Point,point,New World,"Blunt Point|Blunts Point|Blunt's Point|Blunt’s Point",1606-1624,high_confidence_alias,The Records of the Virginia Company of London (corpus discovery),,"Point on the James near the Warwick River."
NW-049,Dancing Point,point,New World,"Dancing Point|Dauncing Point|Dancinge Point|Daneing Point",1606-1624,high_confidence_alias,The Records of the Virginia Company of London (corpus discovery),,"Point on the James at the mouth of the Chickahominy."
NW-050,Falling Creek,creek/ironworks,New World,"Falling Creek|Falling Creeke",1606-1624,high_confidence_alias,The Records of the Virginia Company of London (corpus discovery),,"Site of the Company ironworks destroyed in 1622."
NW-051,Queen's Creek,creek,New World,"Queen's Creek|Queens Creek",1606-1624,high_confidence_alias,The Records of the Virginia Company of London (corpus discovery),,"Creek named in the records."
NW-052,Chippokes Creek,creek,New World,"Chippokes Creek|Choapooks Creek|Chapoks Creek|Chapoks creeke",1606-1624,high_confidence_alias,The Records of the Virginia Company of London (corpus discovery),,"Creek on the south side of the James named for the Quiyoughcohannock leader Choapock."
NW-053,Elizabeth River,river,New World,"Elizabeth River|Elizabeth Riuer",1606-1624,high_confidence_alias,The Records of the Virginia Company of London (corpus discovery),,"River on the south side of Hampton Roads."
NW-054,Chickahominy River,river,New World,"Chickahominy River|Chicahominy River|Chickahomini River|Chickahominie river|Chieahomini River",1606-1624,high_confidence_alias,The Records of the Virginia Company of London (corpus discovery),,"Spelling variants."
NW-055,Pamunkey River,river,New World,"Pamunkey River|Pacomunky River|Pamaouke river|Pamaunkey river|Pamounkey Riuer|Pomaunkey River|Pomonkey ryver|Riuer of Pamaouke|Riuer of Pamunke|Queenes Riuer",1606-1624,high_confidence_alias,The Records of the Virginia Company of London (corpus discovery),,"Spelling variants; the records call it 'the Queenes Riuer alias Pacomunky'."
NW-056,Potomac River,river,New World,"Potomac River|Patomack Riuer|Patawamack River|Patomeck Riuer|Patomeck River|Potomack River|Potomacke Ryver|Riuer of Patomack|Riuer of Potomack|River of Potomak",1606-1624,high_confidence_alias,The Records of the Virginia Company of London (corpus discovery),,"Spelling variants."
NW-057,Rappahannock River,river,New World,"Rappahannock River|River of Rapahanock",1606-1624,high_confidence_alias,The Records of the Virginia Company of London (corpus discovery),,"Spelling variant."
NW-058,Mattaponi River,river,New World,"Mattaponi River|Matepany River",1606-1624,high_confidence_alias,The Records of the Virginia Company of London (corpus discovery),,"Matapanient / Mattaponi, tributary of the York."
NW-059,Chowan River,river,New World,"Chowan River|Choanocki River|Riuer of Choanocki",1606-1624,high_confidence_alias,The Records of the Virginia Company of London (corpus discovery),,"Choanoke (Chawanoac), the Roanoke-era name for the Chowan."
NW-060,Moyompo River,river,New World,"Moyompo River|Moyomps River|Riuer of Moyompo",1606-1624,high_confidence_alias,The Records of the Virginia Company of London (corpus discovery),,"Named as on the sheet; modern identification uncertain."
NW-061,Okanahone River,river,New World,"Okanahone River|Okanahone Riuer",1606-1624,high_confidence_alias,The Records of the Virginia Company of London (corpus discovery),,"Named as on the sheet; modern identification uncertain."
NW-062,Bolus River,river,New World,"Bolus River",1606-1624,high_confidence_alias,The Records of the Virginia Company of London (corpus discovery),,"Named as on the sheet; modern identification uncertain."
NW-063,Mapcock Creek,creek,New World,"Mapcock Creek",1606-1624,high_confidence_alias,The Records of the Virginia Company of London (corpus discovery),,"Index entry; named as on the sheet."
NW-064,Opechancanough's Island,island,New World,"Opechancanough's Island|Opichankanos Island",1606-1624,high_confidence_alias,The Records of the Virginia Company of London (corpus discovery),,"'Opichankanos Island in Pamaunkey river', named for Opechancanough."
NW-065,Delaware River,river,New World,"Delaware River|De La Ware River|Delawarr Riuer",1606-1624,high_confidence_alias,The Records of the Virginia Company of London (corpus discovery),,"Named for Lord De La Warr."
NW-066,Hudson River,river,New World,"Hudson River|Hudsen River",1606-1624,high_confidence_alias,The Records of the Virginia Company of London (corpus discovery),,"Spelling variants."
NW-067,Hudson Bay,bay,New World,"Hudson Bay|Hudsons Bay|Master Hudsons Bay",1606-1624,high_confidence_alias,The Records of the Virginia Company of London (corpus discovery),,"Spelling variants."
NW-068,New England,region,New World,"New England|New-England",1606-1624,contextual_alias,The Records of the Virginia Company of London (corpus discovery),,"Region of the Northern (Plymouth) colony."
NW-069,Newfoundland,island/fishery,New World,"Newfoundland|Newfowndland",1606-1624,contextual_alias,The Records of the Virginia Company of London (corpus discovery),,"Spelling variants."
NW-070,Canada,region,New World,"Canada",1606-1624,contextual_alias,The Records of the Virginia Company of London (corpus discovery),,"Region name."
NW-071,Florida,region/cape,New World,"Florida|Cape Florida|Cape of Florida",1606-1624,contextual_alias,The Records of the Virginia Company of London (corpus discovery),,"Florida and its cape."
NW-072,West Indies,region,New World,"West Indies|West Indyes",1606-1624,high_confidence_alias,The Records of the Virginia Company of London (corpus discovery),,"Spelling variants."
NW-073,Mexico,region,New World,"Mexico",1606-1624,contextual_alias,The Records of the Virginia Company of London (corpus discovery),,"Region name."
NW-074,Peru,region,New World,"Peru",1606-1624,contextual_alias,The Records of the Virginia Company of London (corpus discovery),,"Region name."
NW-075,California,region,New World,"California|Cape of California",1606-1624,contextual_alias,The Records of the Virginia Company of London (corpus discovery),,"Region name."
NW-076,Cape Mendocino,cape,New World,"Cape Mendocino",1606-1624,high_confidence_alias,The Records of the Virginia Company of London (corpus discovery),,"Pacific cape."
NW-077,America,continent,New World,"America",1606-1624,contextual_alias,The Records of the Virginia Company of London (corpus discovery),,"Continent name."
OT-001,Cape of Good Hope,cape,Africa,"Cape of Good Hope|Cape of Bona Speranza|Cape Bona Speranza|Cape Bona-Speranza|Cape Bona",1606-1624,high_confidence_alias,The Records of the Virginia Company of London (corpus discovery),,"Cabo da Boa Esperança; East India voyage route."
OT-002,East Indies,region,Asia,"East Indies|East India",1606-1624,high_confidence_alias,The Records of the Virginia Company of London (corpus discovery),,"Spelling variants."
OT-003,Cambay,port/region,Asia,"Cambaya",1606-1624,contextual_alias,The Records of the Virginia Company of London (corpus discovery),,"Cambay (Khambhat), Gujarat."
OT-004,China,kingdom,Asia,"China",1606-1624,contextual_alias,The Records of the Virginia Company of London (corpus discovery),,"Country name."
OT-005,Persia,kingdom,Asia,"Persia",1606-1624,contextual_alias,The Records of the Virginia Company of London (corpus discovery),,"Country name."
OT-006,Azores,island group,Atlantic,"Island of Assorees|Island of the Asseraes",1606-1624,high_confidence_alias,The Records of the Virginia Company of London (corpus discovery),,"Spelling variants of the Azores."
NW-078,South Sea,ocean,New World,"South Sea",1606-1624,high_confidence_alias,The Records of the Virginia Company of London (corpus discovery),,"Contemporary name for the Pacific."
OW-014,Great Britain,island/kingdom,Old World,"Great Britain|Iland of Great Britayne",1606-1624,high_confidence_alias,The Records of the Virginia Company of London (corpus discovery),,"Spelling variant."
OW-015,Scotland,kingdom,Old World,"Scotland|Seotland|Scottland",1606-1624,contextual_alias,The Records of the Virginia Company of London (corpus discovery),,"Spelling variants."
OW-016,Ireland,kingdom,Old World,"Ireland|Irland",1606-1624,contextual_alias,The Records of the Virginia Company of London (corpus discovery),,"Spelling variants."
OW-017,Wales,principality,Old World,"Wales",1606-1624,contextual_alias,The Records of the Virginia Company of London (corpus discovery),,"Country name."
OW-018,Holland,province/country,Old World,"Holland",1606-1624,ambiguous_contextual,The Records of the Virginia Company of London (corpus discovery),,"The Dutch province / United Provinces."
OW-019,Germany,region,Old World,"Germany",1606-1624,contextual_alias,The Records of the Virginia Company of London (corpus discovery),,"Country name."
OW-020,Italy,region,Old World,"Italy|Italie",1606-1624,contextual_alias,The Records of the Virginia Company of London (corpus discovery),,"Spelling variants."
OW-021,Poland,kingdom,Old World,"Poland",1606-1624,contextual_alias,The Records of the Virginia Company of London (corpus discovery),,"Source of pitch, tar and potash workers."
OW-022,Denmark,kingdom,Old World,"Denmarke",1606-1624,contextual_alias,The Records of the Virginia Company of London (corpus discovery),,"Spelling variant."
OW-023,Norway,kingdom,Old World,"Norway",1606-1624,contextual_alias,The Records of the Virginia Company of London (corpus discovery),,"Country name."
OW-024,Sweden,kingdom,Old World,"Sweadland",1606-1624,contextual_alias,The Records of the Virginia Company of London (corpus discovery),,"Swedeland, i.e. Sweden."
OW-025,Russia,country,Old World,"Russia",1606-1624,contextual_alias,The Records of the Virginia Company of London (corpus discovery),,"Country name."
OW-026,Turkey,empire,Old World,"Turkey",1606-1624,contextual_alias,The Records of the Virginia Company of London (corpus discovery),,"Ottoman Empire."
OW-027,Greece,region,Old World,"Greece",1606-1624,contextual_alias,The Records of the Virginia Company of London (corpus discovery),,"Region name."
OW-028,Europe,continent,Old World,"Europe",1606-1624,contextual_alias,The Records of the Virginia Company of London (corpus discovery),,"Continent name."
OW-029,Rome,city,Old World,"Rome",1606-1624,contextual_alias,The Records of the Virginia Company of London (corpus discovery),,"City name."
OW-030,Naples,city/kingdom,Old World,"Naples",1606-1624,contextual_alias,The Records of the Virginia Company of London (corpus discovery),,"City name."
OW-031,Amsterdam,city,Old World,"Amsterdam",1606-1624,contextual_alias,The Records of the Virginia Company of London (corpus discovery),,"City name."
OW-032,Antwerp,city,Old World,"Antwerp",1606-1624,contextual_alias,The Records of the Virginia Company of London (corpus discovery),,"City name."
OW-033,Hamburg,city,Old World,"Hamburg|Hambrough",1606-1624,contextual_alias,The Records of the Virginia Company of London (corpus discovery),,"Spelling variants."
OW-034,Flushing,port,Old World,"Flushinge",1606-1624,contextual_alias,The Records of the Virginia Company of London (corpus discovery),,"Vlissingen, Zeeland."
OW-035,Bay of Biscay,sea/region,Old World,"Bay of Biscay|Biscay",1606-1624,contextual_alias,The Records of the Virginia Company of London (corpus discovery),,"Biscay."
OW-036,Belfast,town,Old World,"Belfast",1606-1624,contextual_alias,The Records of the Virginia Company of London (corpus discovery),,"Town name."
OW-037,County Wexford,county,Old World,"County Wexford|County of Washford",1606-1624,high_confidence_alias,The Records of the Virginia Company of London (corpus discovery),,"Washford was the English name for Wexford."
OW-038,River Thames,river,Old World,"River Thames|Riuer of Thames",1606-1624,high_confidence_alias,The Records of the Virginia Company of London (corpus discovery),,"Spelling variant."
OW-039,The Downs,anchorage,Old World,"The Downs|Downes",1606-1624,ambiguous_contextual,The Records of the Virginia Company of London (corpus discovery),,"Anchorage off Kent where outbound ships waited ('came not into the Downes'). Also a surname; contextual."
OW-040,Isle of Ely,district,Old World,"Isle of Ely",1606-1624,high_confidence_alias,The Records of the Virginia Company of London (corpus discovery),,"Cambridgeshire district."
OW-041,Cambridge,town/university,Old World,"Cambridge",1606-1624,contextual_alias,The Records of the Virginia Company of London (corpus discovery),,"e.g. 'fellowe of Clare hall in Cambridge'."
OW-042,Chichester,city,Old World,"City of Chichester",1606-1624,high_confidence_alias,The Records of the Virginia Company of London (corpus discovery),,"City name."
OW-043,Salisbury,city,Old World,"City of Salisbury",1606-1624,high_confidence_alias,The Records of the Virginia Company of London (corpus discovery),,"City form only; bare 'Salisbury' is usually the Earl."
OW-044,Ipswich,town,Old World,"Ipswich",1606-1624,contextual_alias,The Records of the Virginia Company of London (corpus discovery),,"Town name."
OW-045,Croydon,town,Old World,"Croydon",1606-1624,contextual_alias,The Records of the Virginia Company of London (corpus discovery),,"Town name."
OW-046,Tilbury,port,Old World,"Tilbury",1606-1624,contextual_alias,The Records of the Virginia Company of London (corpus discovery),,"Thames port."
OW-047,Oxford,town/university,Old World,"Oxford",1606-1624,contextual_alias,The Records of the Virginia Company of London (corpus discovery),,"Town name."
OW-048,East Greenwich,manor,Old World,"East Greenwich",1606-1624,high_confidence_alias,The Records of the Virginia Company of London (corpus discovery),,"Charter tenure 'as of our manor of East Greenwich'."
OW-049,Whitehall,palace,Old World,"White hall|White Hall 14°",1606-1624,high_confidence_alias,The Records of the Virginia Company of London (corpus discovery),,"Royal palace, Westminster."
OW-050,Westminster Hall,building,Old World,"Westminster Hall",1606-1624,high_confidence_alias,The Records of the Virginia Company of London (corpus discovery),,"Seat of the royal courts."
OW-051,Knole Park,estate,Old World,"Knole Park",1606-1624,high_confidence_alias,The Records of the Virginia Company of London (corpus discovery),,"Sackville seat in Kent where the Sackville papers were held."
OW-052,Gloucestershire,county,Old World,"County of Glou|County of Glocester",1606-1624,high_confidence_alias,The Records of the Virginia Company of London (corpus discovery),,"County of Gloucester."
OW-053,Buckinghamshire,county,Old World,"County of Buck|County of Bucke|County of Buckingham",1606-1624,high_confidence_alias,The Records of the Virginia Company of London (corpus discovery),,"County of Buckingham."
OW-054,Kent,county,Old World,"Countie of Kent|County of Kent",1606-1624,high_confidence_alias,The Records of the Virginia Company of London (corpus discovery),,"County name."
OW-055,Middlesex,county,Old World,"Countie of Midde|Countie of Middlesex|County of Midd|County of Middlesex",1606-1624,high_confidence_alias,The Records of the Virginia Company of London (corpus discovery),,"County name and abbreviations."
OW-056,Norfolk,county,Old World,"Countie of Norfolke|County of Norff",1606-1624,high_confidence_alias,The Records of the Virginia Company of London (corpus discovery),,"County name and abbreviation."
OW-057,Suffolk,county,Old World,"Countie of Suffolke|County of Suff",1606-1624,high_confidence_alias,The Records of the Virginia Company of London (corpus discovery),,"County name and abbreviation."
OW-058,Hampshire,county,Old World,"Countie of Southton",1606-1624,high_confidence_alias,The Records of the Virginia Company of London (corpus discovery),,"'County of Southampton' (Southton.) is Hampshire."
OW-059,Anglesey,county,Old World,"County of Anglesy|County of Anglice",1606-1624,high_confidence_alias,The Records of the Virginia Company of London (corpus discovery),,"Spelling variants."
OW-060,Brecknockshire,county,Old World,"County of Breck",1606-1624,high_confidence_alias,The Records of the Virginia Company of London (corpus discovery),,"Abbreviation of Brecknock."
OW-061,Devon,county,Old World,"County of Devon",1606-1624,high_confidence_alias,The Records of the Virginia Company of London (corpus discovery),,"County name."
OW-062,Dorset,county,Old World,"County of Dorsett",1606-1624,high_confidence_alias,The Records of the Virginia Company of London (corpus discovery),,"Spelling variant."
OW-063,Nottinghamshire,county,Old World,"County of Nottingham",1606-1624,high_confidence_alias,The Records of the Virginia Company of London (corpus discovery),,"County of Nottingham."
OW-064,Sussex,county,Old World,"County of Sussex",1606-1624,high_confidence_alias,The Records of the Virginia Company of London (corpus discovery),,"County name."
OW-065,Somerset,county,Old World,"Somersett sheire|Somiersett sheire",1606-1624,high_confidence_alias,The Records of the Virginia Company of London (corpus discovery),,"Spelling variants."
OW-066,Worcestershire,county,Old World,"Wocter shire",1606-1624,high_confidence_alias,The Records of the Virginia Company of London (corpus discovery),,"OCR of Worcester shire."
